week_start,garment_group_name,unit_sales,month,is_summer,is_winter,is_near_black_friday,is_near_midyear_sale,is_near_holiday_season,ratio_lag_1,ratio_lag_4,ratio_lag_8,ratio_rolling_4,ratio_rolling_8,trend_slope,avg_temp,temp_anomaly,precipitation,precip_anomaly,target
2018-11-19,Dressed,5676,11,0,0,1,0,0,0.49768965947422233,0.006362671197831177,-0.020747969532216977,0.32634861901765067,0.2779742086489159,0.1426022864747008,19.185714285714287,-0.7561309523809528,4.4,-2.1067261904761905,-0.6012830886152409
2018-11-26,Dressed,2718,11,0,0,1,0,0,-0.7047889671696528,-0.2961917266285138,-0.1825475818964955,-0.40364131748291093,-0.44549682529446827,-0.011280386053708886,18.87142857142857,-1.7311309523809524,68.0,7.027380952380953,0.12422355961919956
2018-12-03,Dressed,3102,12,0,1,1,0,0,0.1319587175399596,-0.15329657589028847,-0.474363586778904,-0.2167929531727221,-0.3025120160030053,-0.10446677277886729,20.542857142857144,-0.3702380952380935,2.0,-2.148214285714286,0.04022321568183146
2018-12-10,Dressed,2868,12,0,1,0,0,0,-0.07839193353704069,-0.17382993510667458,-0.30546519779462394,-0.26063217022752777,-0.3214572180972366,-0.22389300364995748,21.97142857142857,0.7328571428571428,21.3,0.8706547619047618,0.20018820201186005
2018-12-17,Dressed,4034,12,0,1,0,0,1,0.33787298236077007,-0.3382079632939313,-0.332023913164376,0.11619669083365486,0.049992047008531805,0.11677405540825167,21.185714285714287,-0.2119642857142868,16.5,0.1732142857142856,-0.09386216691150125
2018-12-24,Dressed,2254,12,0,1,0,0,1,-0.5661575807386829,-0.18664513811539094,-0.47625469790275543,-0.3409696049426424,-0.4693997217894162,-0.04496653778217091,23.142857142857142,1.5363025210084034,0.0,-1.8765056022408968,0.38990402170223637
2018-12-31,Dressed,2946,12,0,1,0,0,1,0.2661537437870216,-0.05158728452801437,-0.20447959637982738,-0.03943098263672485,-0.1605821824098082,-0.051098975012733555,24.185714285714287,2.1419712885154074,8.3,-1.3421918767507004,0.18288352108449618
2019-01-07,Dressed,4488,1,0,1,0,0,1,0.4148505744281478,0.4404566502292957,0.27182984767657614,0.3892991577030258,0.28266252586622775,0.059874636386929865,22.928571428571427,0.5614425770308132,7.6,-2.431344537815126,-0.19560515415912078
2019-01-14,Dressed,3084,1,0,1,0,0,0,-0.3708398386582571,-0.26692883761482505,-0.5917806868080624,-0.10637804700957955,-0.12942109119493803,0.1262761897036674,24.685714285714287,2.1592156862745093,0.1,-3.082464985994398,0.3117557652235486
2019-01-21,Dressed,3445,1,0,1,0,0,0,0.11058351643941906,0.4179679178915887,0.23592398639494194,0.07592646100438052,0.07788288826240788,0.0026641831514189816,24.957142857142856,2.147450980392157,10.3,-1.6234173669467786,0.22658824762860935
2019-01-28,Dressed,3508,1,0,1,0,0,0,0.018121668884893173,0.1741555084736571,0.12284413832249974,0.00492945027913548,0.06790087341965598,-0.07102235565649438,24.814285714285713,1.930812324929972,20.9,-0.3061624649859942,0.1870019758813104
2019-02-04,Dressed,3664,2,0,1,0,0,0,0.04350249762897444,-0.20215892979417815,0.24372313419377395,0.008978442417067977,0.0959973983096163,0.0526384781728404,24.042857142857144,1.5163025210084031,4.6,-3.1249299719887955,0.07655625970788052
2019-02-11,Dressed,3893,2,0,1,0,0,0,0.06060604456635051,0.2319047636792995,-0.03557460941728033,0.12783107222872347,0.12706810946284167,0.041350781157606736,22.571428571428573,0.2165826330532217,0.5,-3.642072829131653,0.0735669921071359
2019-02-18,Dressed,5112,2,0,1,0,0,0,0.2707384184923002,0.38962244019576014,0.7759976171605709,0.33972187431274686,0.39936627079321285,0.12464607167062569,21.942857142857143,-0.2675630252100823,41.1,2.359439775910364,-0.055419657144649324
2019-02-25,Dressed,3971,2,0,1,0,0,0,-0.25123852224187554,0.12381331092036076,0.29637117352286435,-0.018277653653309963,0.052594158404300984,0.05144229532637118,22.414285714285715,0.3796638655462168,4.4,-3.589803921568627,0.3305772847721515
2019-03-04,Dressed,3612,3,0,0,0,0,0,-0.09468545570738343,-0.01429356396548544,-0.21629624288981655,-0.1410190064284595,-0.07555649741256458,-0.04784180182257032,22.957142857142856,1.239327731092436,7.2,-3.0069467787114843,0.3809949840889771
2019-03-11,Dressed,4284,3,0,0,0,0,0,0.17021272284378852,0.09563407224310327,0.3257328106045574,0.03249910271637938,0.123387153634633,-0.06697683798178043,21.614285714285717,0.2262184873949582,126.6,13.95501400560224,0.05743650451107056
2019-03-18,Dressed,4675,3,0,0,0,0,0,0.0872865080284612,-0.08930211723671866,0.30295559040502695,0.09647129202695322,0.17160936077240527,0.06731953395731248,21.442857142857143,0.4514285714285724,11.0,-2.6315966386554623,-0.3072176910011867
2019-03-25,Dressed,5550,3,0,0,0,0,0,0.17114911077768002,0.3316877782401474,0.45087205765686517,0.2920860477856491,0.30293436316666694,0.1369681282560282,19.857142857142858,-0.4196078431372539,39.4,2.038263305322129,-0.5031946546204643
2019-04-01,Dressed,6406,4,0,0,0,0,0,0.14319167895756457,0.5577958559002084,0.5445877766459232,0.34303342680838006,0.3833784123283075,0.13848431489661672,19.17142857142857,-0.2668907563025208,9.0,-2.0034173669467785,-0.6886781108716495
2019-04-08,Dressed,3980,4,0,0,0,0,0,-0.467167250689919,-0.07357210223327632,0.02210084539544128,-0.27120938863376925,-0.16333295915481957,-0.023851336887810035,18.485714285714288,-0.2035854341736711,6.5,-1.526778711484594,-0.23501327108991404
2019-04-15,Dressed,3226,4,0,0,0,0,0,-0.20926999465168064,-0.3667889212026525,-0.4523865549564512,-0.4599133617989887,-0.37168355552325166,-0.19617989851165898,18.942857142857143,0.8749579831932763,1.6,-1.94,-0.01993216177443404
2019-04-22,Dressed,3084,4,0,0,0,0,0,-0.0450079096646879,-0.5712298885267805,-0.25145279902117673,-0.4334242343198338,-0.3654431256278983,-0.2568279212199519,18.47142857142857,0.9118207282913164,2.9,-2.0633053221288513,0.09109194065344596
2019-04-29,Dressed,3646,4,0,0,0,0,0,0.16701332332442098,-0.549144339605185,0.00936896958694693,-0.13503832863469856,-0.17657259005764725,-0.03283581147077758,18.014285714285712,1.3909803921568638,24.3,1.4252100840336135,-0.1735803546384755
2019-05-06,Dressed,2643,5,0,0,0,0,0,-0.3189695280745657,-0.4037444047276446,-0.4737980442332772,-0.2745225152529736,-0.4895792868422432,-0.037685518633060286,14.242857142857144,-1.4726610644257712,2.3,-1.6159663865546217,-0.07579027064980536
2019-05-13,Dressed,3140,5,0,0,0,0,0,0.1718830462102555,-0.027018527483968744,-0.392834192492849,-0.0031002812193549126,-0.2773872031854063,-0.026692231537686902,15.514285714285714,0.3395518207282911,1.0,-1.9445378151260504,-0.23899213061068497
2019-05-20,Dressed,3704,5,0,0,0,0,0,0.1648158489725748,0.18267525554647743,-0.39896252453803227,0.16853886536971996,-0.06664816307484285,0.020437060705989187,16.52857142857143,1.8339495798319336,0.5,-2.4384873949579826,-0.4161772941365642
2019-05-27,Dressed,3291,5,0,0,0,0,0,-0.11808431219891001,-0.10234968939031587,-0.6424666097831061,0.002357682668689913,-0.12468611223929704,0.07850991438099407,12.771428571428572,-1.2199999999999993,5.4,-2.2058263305322128,-0.2772458964666487
2019-06-03,Dressed,2196,6,1,0,0,0,0,-0.39912505954982336,-0.18474883870682424,-0.5777200201683872,-0.37046642409185637,-0.4130796574392638,-0.1052631237488855,12.314285714285717,-1.0021848739495796,30.8,1.697254901960784,-0.008536581461929139
2019-06-10,Dressed,1863,6,1,0,0,0,0,-0.16407974176903584,-0.5104934997027785,-0.5356649496305955,-0.4932515823680605,-0.5033888624235126,-0.23947883499951708,14.37142857142857,1.412156862745098,15.2,0.0567507002801119,0.18818371593303382
2019-06-17,Dressed,3350,6,1,0,0,1,0,0.570496615961398,-0.10036855674268308,0.08268570634575494,0.19187038787261376,0.1283776668445079,-0.0058317735208325274,11.357142857142858,-1.2268907563025218,17.0,0.7550140056022409,-0.4219783990920356
2019-06-24,Dressed,2071,6,1,0,0,1,0,-0.4718684848299262,-0.4550539145640005,-0.5509880878124583,-0.2545300233754642,-0.3596444208234763,0.04691981142623975,13.55714285714286,1.363025210084034,13.2,-0.3127170868347338,0.017233117648100694
2019-07-01,Dressed,2048,7,1,0,0,1,0,-0.011167753742290001,-0.0697454902236144,-0.25367714616195003,-0.1457672495394977,-0.30402140509439257,-0.031032991413205688,12.957142857142856,0.896582633053221,8.3,-1.1516526610644255,0.11620414707765726
2019-07-08,Dressed,2413,7,1,0,0,1,0,0.1636403659984909,0.25724964581401033,-0.26184035229953095,0.03371258587754493,-0.11516582022962081,-0.11471357429120671,12.3,0.284593837535014,0.4,-1.5316526610644257,0.2576568057078744
2019-07-15,Dressed,2289,7,1,0,0,0,0,-0.05274349096406169,-0.37630772253671835,-0.4722174295953847,-0.07626848355143037,-0.13371376530217474,0.046207891981457014,12.12857142857143,0.0194957983193282,0.0,-1.1345658263305325,0.46564614043811625
2019-07-22,Dressed,1846,7,1,0,0,0,0,-0.2142683365086643,-0.11488378101415317,-0.5625849474070673,-0.17735258137484414,-0.27723163592679356,-0.03396927223393578,12.928571428571429,0.4849859943977593,0.2,-1.5197759103641455,0.6947911755392968
2019-07-29,Dressed,2186,7,1,0,0,0,0,0.1686507099946875,0.06518655399784884,-0.004564123886753132,0.017070349679192763,-0.033067131676017686,-0.051476962914145864,12.071428571428571,-0.4925490196078423,14.2,0.3939495798319328,0.57597288660565
2019-08-05,Dressed,2870,8,1,0,0,0,0,0.27056951322408496,0.17300769524599838,0.42552274433858256,0.2716927785919546,0.2385803193758809,0.09065386110157268,11.585714285714284,-1.0244257703081232,0.3,-1.413333333333333,0.390277992911056
2019-08-12,Dressed,4324,8,1,0,0,0,0,0.40422563129673855,0.6154542218496228,0.25384408291788296,0.6119981539628787,0.5783656153200438,0.2892569787076505,11.885714285714286,-1.0732212885154069,0.3,-1.8679551820728293,0.0769401652345641
2019-08-19,Dressed,3841,8,1,0,0,0,0,-0.11830983017517938,0.7015998939335699,0.5987819354594264,0.31124473524039553,0.4207187251304854,0.19420612836967596,13.085714285714284,-0.3051540616246494,0.7,-2.1571988795518204,0.45706816381317633
2019-08-26,Dressed,3269,8,1,0,0,0,0,-0.16090009538675235,0.39706676551172665,0.4592813769865048,-0.01102787054709798,0.1807416687471763,0.019966437369564362,13.242857142857144,-0.7904761904761904,58.0,6.452773109243698,0.5786955263705377
2019-09-02,Dressed,4753,9,0,0,0,0,0,0.3699824557510706,0.4940310916880252,0.6530838255417735,0.28262689815658587,0.49084524166381927,0.017668495047014073,14.328571428571427,-0.4559103641456583,0.6,-1.2151820728291316,0.15423446084570835
2019-09-09,Dressed,4763,9,0,0,0,0,0,0.002101722971474785,0.09662152599944404,0.7016447244342812,0.1626038962277258,0.4009324467578345,0.10224946415266106,13.7,-1.6863865546218493,2.1,-1.1348459383753502,-0.30087348314315443
2019-09-16,Dressed,4494,9,0,0,0,0,0,-0.05811816827953586,0.1566886246697961,0.8353309667725657,0.07803015362576646,0.25390251297034344,0.08530584285992396,16.442857142857143,0.5840161064425767,82.5,10.216698179271708,-0.28770195875740245
2019-09-23,Dressed,9093,9,0,0,0,0,0,0.6769705340442285,0.9422422031641801,1.2247537503761414,0.7117480439510102,0.8183331419420957,0.220767827421923,14.742857142857144,-1.624432773109244,3.3,-1.314418767507003,-0.8263999130083542
2019-09-30,Dressed,4206,9,0,0,0,0,0,-0.7349423663520014,-0.12211181557945851,0.3776143647217737,-0.31452394329171873,-0.10580533821848692,0.051924090809701874,17.24285714285714,0.2431372549019606,13.4,-0.2032107843137253,-0.10046191673513258
2019-10-07,Dressed,3343,10,0,0,0,0,0,-0.2286394943331582,-0.3503576732401497,-0.25590185055384096,-0.5112445978079274,-0.3664543212657605,-0.15783494363456807,14.742857142857144,-2.6964285714285716,17.7,0.2916071428571428,0.08971426008163998
2019-10-14,Dressed,3003,10,0,0,0,0,0,-0.10715407905638856,-0.3977589975299459,-0.24488595999825832,-0.5505006515021958,-0.44469609433953466,-0.389574876136447,17.114285714285714,-0.6860714285714291,2.0,-1.6616071428571428,0.06310129650052244
2019-10-21,Dressed,3745,10,0,0,0,0,0,0.21991694726824323,-0.8331514514485977,0.13572850421200336,-0.2694584214969712,-0.2082410840880129,-0.04820590383831477,19.514285714285712,1.311666666666667,0.0,-1.9167261904761903,0.23730137580669716
2019-10-28,Dressed,4579,10,0,0,0,0,0,0.2003843824160542,0.08491745363290754,-0.0372910335852907,0.24646607267872989,-0.020747780257665816,0.12133602690224207,19.82857142857143,1.3670238095238092,12.6,-0.8430952380952379,0.02302654752251265
2019-11-04,Dressed,3087,11,0,0,0,0,0,-0.3892511376855889,-0.0796267248439425,-0.4270062606353476,-0.1718853588317836,-0.40470258591063957,0.030137358085927966,18.557142857142857,-0.3161904761904758,9.4,-1.4295238095238094,0.42727339035236717
2019-11-11,Dressed,3305,11,0,0,1,0,0,0.06821024148615723,0.0957513964009523,-0.30491080781874397,-0.08641526050075689,-0.29391829806916003,-0.07643379276058926,19.585714285714285,0.3611904761904745,2.5,-2.180595238095238,0.32325701012378716
2019-11-18,Dressed,3204,11,0,0,1,0,0,-0.031033943452467825,-0.15570581214395965,-0.9577944282679631,-0.1380211715760071,-0.2910005391294213,-0.11025040980588097,20.314285714285713,0.4889880952380946,6.1000000000000005,-1.8120238095238097,0.449239596037689
2019-11-25,Dressed,7751,11,0,0,1,0,0,0.8301230798497343,0.5145173536873716,0.5929580006760892,0.7449920104487464,0.7412907619291313,0.3203089132855447,21.014285714285712,0.4947619047619044,7.4,-1.6501785714285713,-0.37718193924676996
2019-12-02,Dressed,3102,12,0,1,1,0,0,-0.85672148590777,0.004847308176665639,-0.0747866331150867,-0.3319777295976529,-0.25340903956249655,0.09072685388161404,21.52857142857143,0.6311904761904776,0.8999999999999999,-2.3863095238095235,0.3126019095371052
2019-12-09,Dressed,3440,12,0,1,0,0,0,0.10333228268655374,0.040029639724347005,0.13565105210273098,-0.23147606671137672,-0.14355095964626022,-0.09009542433664654,21.085714285714285,-0.1081547619047625,5.7,-1.3264880952380955,0.17061816868118712
2019-12-16,Dressed,7196,12,0,1,0,0,1,0.7062804237908191,0.7676921600591999,0.6308380164814886,0.4877594714445286,0.5648187362905316,-0.024701005221089044,21.8,0.4222619047619034,0.1,-2.192559523809524,-0.521888872073443
2019-12-23,Dressed,4545,12,0,1,0,0,1,-0.4515798566425591,-0.5214703120575289,-0.007452869913882088,-0.16683048892979627,0.019326886742888648,0.17688559276145205,22.842857142857145,1.274236694677871,7.0,-0.8954411764705883,-0.022546905908127367
2019-12-30,Dressed,4133,12,0,1,0,0,1,-0.09495273220725231,0.28500337664039344,0.28975061225744814,-0.10058880354127736,-0.07470810849084729,-0.011846326634290985,24.6,2.643298319327733,2.8,-2.033669467787115,0.13127351968194736
2020-01-06,Dressed,4076,1,0,1,0,0,1,-0.013887193595518675,0.1692389118576605,0.20891472458617405,-0.16901562827432684,-0.11742968248260897,-0.19592978527723617,22.514285714285712,0.1506022408963586,17.8,-0.8530252100840336,0.16657916637397865
2020-01-13,Dressed,4036,1,0,1,0,0,0,-0.009861930507413583,-0.5626779624861178,0.22983419065353847,-0.2108937306158961,-0.14796010084804453,-0.03773673907403501,21.714285714285715,-0.7705322128851547,61.10000000000001,5.572268907563026,0.17237731946173893
2020-01-20,Dressed,4541,1,0,1,0,0,0,0.11775676396018095,-0.0008804752629374284,-0.5222908359435672,0.07861759372487412,-0.05230071123605855,0.02821398112379786,25.014285714285712,2.243193277310925,14.5,-1.0621288515406164,0.08302256743349729
2020-01-27,Dressed,4754,1,0,1,0,0,0,0.04583108212348959,0.1397546664218147,0.4205701576959883,0.12457401830645923,0.08106590474747984,0.05834433082223675,25.5,2.5866666666666656,10.0,-1.6726050420168066,0.037631996636098466
2020-02-03,Dressed,4846,2,0,1,0,0,0,0.01916666267361194,0.17260700008809682,0.33936752610004195,0.10747191270214722,0.054233055574601736,0.058161399975485424,21.5,-1.0746218487394954,216.7,27.102072829131657,-0.02493209312652132
2020-02-10,Dressed,4850,2,0,1,0,0,0,0.0008250823380605738,0.18320950186596852,-0.38950682558412325,0.06509299516342547,0.01749710400829794,0.021462793646928692,22.685714285714287,0.3229691876750706,44.0,2.50952380952381,-0.16011576436571331
2020-02-17,Dressed,4696,2,0,1,0,0,0,-0.03226481620263645,0.03356067260784397,0.032680438766272316,-0.010959627063480701,0.048725943371892,-0.0035516549563032306,21.67142857142857,-0.556638655462183,11.9,-1.7234173669467787,-0.2817345551926415
2020-02-24,Dressed,5257,2,0,1,0,0,0,0.11272980754952124,0.10048944151644361,0.23940356988209374,0.09369241923783159,0.15704977031342865,0.02196548995562309,22.114285714285717,0.0412324929971974,2.9,-3.7517086834733897,-0.3297140860372067
2020-03-02,Dressed,4856,3,0,0,0,0,0,-0.07930385062714315,0.0020614302079096664,0.1746528941663918,-0.01151690189810828,0.04721752798955987,0.011780861329495356,21.25714285714286,-0.513557422969188,74.3,6.5457142857142845,-0.20160188871046805
2020-03-09,Dressed,4067,3,0,0,0,0,0,-0.1768463124854169,-0.17561956361566364,0.007651485214985754,-0.18877163386386084,-0.15062805647062888,-0.04848483821046037,18.485714285714288,-2.944145658263306,23.3,-0.7907002801120447,-0.11400846036339066
2020-03-16,Dressed,3470,3,0,0,0,0,0,-0.1584184268492963,-0.30026933620638346,-0.2673822825159699,-0.30504327633574885,-0.3080133949713636,-0.13937673895144742,20.5,-0.5689635854341734,9.4,-2.844313725490196,-0.1908870280268247
2020-03-23,Dressed,3072,3,0,0,0,0,0,-0.12167529144748045,-0.524672703884571,-0.4298491106953461,-0.3582068653331911,-0.3982271007685327,-0.15386998929971213,19.271428571428572,-1.1170868347338931,23.1,-0.3578711484593837,-0.3758699242575699
2020-03-30,Dressed,4765,3,0,0,0,0,0,0.43205297127651615,-0.018916948567311388,-0.016855682685322507,0.2082548395064818,0.08209299896922216,0.04412643576780632,20.057142857142857,0.4836974789915967,27.0,0.4191596638655462,-0.8062424009886923
2020-04-06,Dressed,4063,4,0,0,0,0,0,-0.1590393839965147,-0.0009840095980296192,-0.17659594376844076,0.05552392195689067,-0.07489226352553094,0.09035781643257852,17.17142857142857,-1.600840336134454,44.3,3.8327170868347338,-0.6263734239258487
2020-04-13,Dressed,2057,4,0,0,0,0,0,-0.6555553413217838,-0.511307938734236,-0.7815783262021838,-0.6053053291616818,-0.701747244133251,-0.10738694350162839,17.52857142857143,-0.6134453781512619,1.7,-1.9510364145658263,0.2550543241675424
2020-04-20,Dressed,2476,4,0,0,0,0,0,0.18486645273926636,-0.21485212153852862,-0.7192549542855413,-0.3397174167998267,-0.4589709745495362,-0.265638719964458,17.52857142857143,-0.1197759103641458,0.0,-2.4468907563025213,0.1723564597318842
2020-04-27,Dressed,1767,4,0,0,0,0,0,-0.3341973442388196,-0.917942156172028,-0.932809623189001,-0.6160847359793485,-0.6838599008016756,-0.24969593758720965,16.428571428571427,-0.3411204481792713,18.4,0.5345098039215687,0.4839122763139097
2020-05-04,Dressed,1838,5,0,0,0,0,0,0.03938971462429147,-0.7541092173837595,-0.7549531735975703,-0.3399377522155225,-0.545634165076367,-0.0671417708814104,15.5,-0.3475070028011208,0.9,-1.863249299719888,0.3627049086014808
2020-05-11,Dressed,2770,5,0,0,0,0,0,0.4045137133187008,0.29542146450322576,-0.22435890244906972,0.3061711702898656,-0.05903475202426135,0.04306856035767221,12.985714285714286,-2.231932773109244,8.0,-0.8209523809523809,0.2764698922109637
2020-05-18,Dressed,3367,5,0,0,0,0,0,0.19455753802915493,0.30498021393797226,0.09162910649818093,0.41372806533336964,0.16596971181418083,0.23535198712708386,14.5,-0.2714845938375355,61.5,6.296190476190476,0.17531495046336526
2020-05-25,Dressed,2692,5,0,0,0,0,0,-0.22280897085031492,0.4148910451262412,-0.5559875134806186,0.10004871767968106,-0.07020764077774473,0.11845875374191284,14.171428571428573,0.0551260504201686,27.8,1.0065546218487396,0.5087936549525952
2020-06-01,Dressed,2626,6,1,0,0,0,0,-0.02482135207922073,0.3530464368071519,-0.4296605083987118,-0.015398416551540672,-0.0010466716602420057,-0.03865559540616506,11.685714285714283,-1.6943417366946771,5.3,-1.95484593837535,0.44684298481650603
2020-06-08,Dressed,2639,6,1,0,0,0,0,0.0049382697290523345,-0.048437770960336114,0.24787042254240946,-0.08168639982321572,0.07463453644140565,-0.0794771884573691,13.94285714285714,0.9328851540616244,33.099999999999994,2.4538375350140056,0.4399230188906786
2020-06-15,Dressed,5711,6,1,0,0,1,0,0.7358082069920462,0.5164131931233327,0.7902770757842736,0.674314990794898,0.774729174260711,0.26543744060947005,12.714285714285714,0.0647058823529412,7.9,-0.54593837535014,-0.3185600544231568
2020-06-22,Dressed,3692,6,1,0,0,1,0,-0.4294373222509152,0.31328310987371244,0.7052571147620023,0.0773666964786337,0.23140551311736088,0.17098440933067635,11.142857142857142,-1.073165266106443,2.7,-1.7039775910364146,0.027163015408198186
2020-06-29,Dressed,4184,6,1,0,0,1,0,0.12493648427209642,0.4575622738436787,0.7791428830478634,0.13170293422419202,0.27673568745606814,0.06448907568369876,12.1,0.0189915966386554,6.7,-1.413389355742297,-0.210734830504646
2020-07-06,Dressed,4535,7,1,0,0,1,0,0.08051380192366052,0.5285752638485465,0.48323053162750673,0.11138913777823714,0.26888253307295806,-0.06701245623828368,11.585714285714284,-0.4400560224089643,12.3,0.0291876750700281,-0.4071124184945811
2020-07-13,Dressed,3663,7,1,0,0,0,0,-0.21273476146992887,-0.43695318178937875,0.08421050235832081,-0.21175316732698668,-0.0048340412366866415,0.0065696138933398025,12.242857142857144,0.1726610644257708,20.2,1.7710364145658262,-0.11306601872915525
2020-07-20,Dressed,4227,7,1,0,0,0,0,0.14296574322794847,0.13511803633841737,0.4437056095662351,0.05057302757309379,0.12819783424328413,-0.01789390862931955,11.385714285714286,-1.013893557422969,79.3,9.83439775910364,0.12425113728619097
2020-07-27,Dressed,3491,7,1,0,0,0,0,-0.19072293580644317,-0.18058627215992906,0.28281828255083125,-0.17302844391366395,-0.11313230622216199,-0.06453881263161299,12.714285714285714,0.1552941176470597,36.4,3.542633053221288,0.5505500206456257
2020-08-03,Dressed,2441,8,1,0,0,0,0,-0.3540120182022865,-0.600343864580314,-0.07795272521546251,-0.4791275765957705,-0.488252219623853,-0.12739107874661312,11.028571428571428,-1.5666666666666669,44.5,4.878431372549019,0.9644711073345832
2020-08-10,Dressed,3071,8,1,0,0,0,0,0.2285920796110016,-0.1758241236043589,-0.6012296512799701,-0.11782728328283665,-0.26104182869710396,-0.1365985981561308,13.385714285714286,0.5062745098039214,20.0,1.065770308123249,0.7091665468142744
2020-08-17,Dressed,4301,8,1,0,0,0,0,0.33369497186788605,0.01735459255286291,0.1523832972893038,0.26115521820195353,0.1602209542388362,0.09200237763007278,12.485714285714286,-0.8611764705882349,1.9,-2.012717086834734,0.34568963013805853
2020-08-24,Dressed,6989,8,1,0,0,0,0,0.4761735206069937,0.6675571245119991,0.5021031948262428,0.710227685850182,0.6058606502327946,0.35410061799771025,11.55714285714286,-2.3607843137254902,0.1,-1.917422969187675,-0.26364368200102317
2018-11-19,Jersey Basic,40001,11,0,0,1,0,0,0.5279089808702431,0.14465324116952416,-0.1746580381564955,0.40785843928447946,0.2569827995554476,0.16209721077036862,19.185714285714287,-0.7561309523809528,4.4,-2.1067261904761905,-0.7006413626429155
2018-11-26,Jersey Basic,20112,11,0,0,1,0,0,-0.6617204045141515,-0.2233215449062922,-0.3383661948418385,-0.32087786891760745,-0.392550986370772,0.03334118341641869,18.87142857142857,-1.7311309523809524,68.0,7.027380952380953,0.007578571583893227
2018-12-03,Jersey Basic,19059,12,0,1,1,0,0,-0.05376426163415478,-0.17577946563712446,-0.5794622177702418,-0.32792870391539614,-0.4107608470580034,-0.12723829847019327,20.542857142857144,-0.3702380952380935,2.0,-2.148214285714286,0.160801587712224
2018-12-10,Jersey Basic,17900,12,0,1,0,0,0,-0.06271814374208481,-0.26188278575118773,-0.5288376367364179,-0.3546470715867741,-0.4041900973225565,-0.2775506725914511,21.97142857142857,0.7328571428571428,21.3,0.8706547619047618,0.3167463216011447
2018-12-17,Jersey Basic,21833,12,0,1,0,0,1,0.1979714495270204,-0.5876378501265371,-0.45260284019267727,-0.10563761716068558,-0.14942719909191152,0.020298082718336923,21.185714285714287,-0.2119642857142868,16.5,0.1732142857142856,0.1930064062484417
2018-12-24,Jersey Basic,18004,12,0,1,0,0,1,-0.19223334125394276,-0.11060971190000463,-0.3318817598498212,-0.09128014358440797,-0.27574213583332835,0.004000208135829482,23.142857142857142,1.5363025210084034,0.0,-1.8765056022408968,0.3680079601757948
2018-12-31,Jersey Basic,20958,12,0,1,0,0,1,0.15163491855474984,0.09490965864959099,-0.08120851081673103,0.08760614151424949,-0.08711376417553893,0.027168179570840154,24.185714285714287,2.1419712885154074,8.3,-1.3421918767507004,0.2242745086094256
2019-01-07,Jersey Basic,28213,1,0,1,0,0,1,0.29509262390056645,0.4472925011475072,0.19100315720181113,0.3566435242883042,0.21895713933782893,0.09928994700296827,22.928571428571427,0.5614425770308132,7.6,-2.431344537815126,-0.0907423498622617
2019-01-14,Jersey Basic,24739,1,0,1,0,0,0,-0.13121316923956908,0.1247960094135528,-0.47148592920957894,0.10585005188865731,0.06162628131309897,0.11950300848606257,24.685714285714287,2.1592156862745093,0.1,-3.082464985994398,0.14988251890330165
2019-01-21,Jersey Basic,26539,1,0,1,0,0,0,0.0702055434999203,0.38322518091618524,0.2755353464862341,0.143807738928349,0.21660532073790845,0.052838751890461694,24.957142857142856,2.147450980392157,10.3,-1.6234173669467786,0.12487193237537189
2019-01-28,Jersey Basic,27093,1,0,1,0,0,0,0.020659307105485265,0.2553536760794291,0.3481539110697733,0.07588316976230668,0.20050812787126024,-0.0058545370466660815,24.814285714285713,1.930812324929972,20.9,-0.3061624649859942,0.08597668364617861
2019-02-04,Jersey Basic,25124,2,0,1,0,0,0,-0.07541604935495913,-0.11582953237604168,0.3358125541180479,-0.05879852969679236,0.08135738561342122,0.006605149751962816,24.042857142857144,1.5163025210084031,4.6,-3.1249299719887955,0.009914518238310726
2019-02-11,Jersey Basic,25075,2,0,1,0,0,0,-0.001952230046326419,0.013490182940932953,0.13822801491310588,-0.03135503692023703,0.041195308458279546,-0.024505204630401314,22.571428571428573,0.2165826330532217,0.5,-3.642072829131653,-0.024395001605454783
2019-02-18,Jersey Basic,36043,2,0,1,0,0,0,0.35891225632670387,0.30372949718035547,0.6675300879778678,0.3253266992632605,0.3825701345803723,0.09459037033254072,21.942857142857143,-0.2675630252100823,41.1,2.359439775910364,-0.2855904705577013
2019-02-25,Jersey Basic,29103,2,0,1,0,0,0,-0.21305988969207965,0.07153533804771378,0.3254029953295781,0.026785985391374497,0.08526492726453884,0.07943126864861862,22.414285714285715,0.3796638655462168,4.4,-3.589803921568627,0.06922859803862479
2019-03-04,Jersey Basic,23435,3,0,0,0,0,0,-0.21576762664099788,-0.06956485637822622,-0.18502167808930925,-0.2066623542898877,-0.16828647466815924,-0.0417399858611957,22.957142857142856,1.239327731092436,7.2,-3.0069467787114843,0.31385691657338277
2019-03-11,Jersey Basic,23585,3,0,0,0,0,0,0.006380263446181904,-0.06124126340973023,-0.047760944964781685,-0.1857343339012545,-0.14030963074542335,-0.15349392316766516,21.614285714285717,0.2262184873949582,126.6,13.95501400560224,0.33907474788908093
2019-03-18,Jersey Basic,26392,3,0,0,0,0,0,0.11233166807404733,-0.3091535097572352,-0.005554400802765835,-0.060606058379267976,-0.02276105951968836,-0.031148611182808063,21.442857142857143,0.4514285714285724,11.0,-2.6315966386554623,0.28604826433439995
2019-03-25,Jersey Basic,31130,3,0,0,0,0,0,0.16473696447491518,0.06730529552553266,0.1386737152440199,0.19384675688429512,0.14278646070127693,0.0990683132494762,19.857142857142858,-0.4196078431372539,39.4,2.038263305322129,0.21287954648743826
2019-04-01,Jersey Basic,36048,4,0,0,0,0,0,0.14641697739090248,0.42408754016819794,0.3571568574786877,0.31881446625505266,0.2695294354537816,0.1438333782140453,19.17142857142857,-0.2668907563025208,9.0,-2.0034173669467785,-0.015534360136211388
2019-04-08,Jersey Basic,29300,4,0,0,0,0,0,-0.206525059480778,0.2161293290676249,0.1554022931346283,0.00038403275768700447,0.015429557239891327,0.04441116482750325,18.485714285714288,-0.2035854341736711,6.5,-1.526778711484594,0.07148028462185596
2019-04-15,Jersey Basic,34296,4,0,0,0,0,0,0.15711679485763902,0.26047982268389724,-0.04967372155777815,0.1100848251490898,0.15442359606367925,0.008411457677781137,18.942857142857143,0.8749579831932763,1.6,-1.94,-0.15586251926319616
2019-04-22,Jersey Basic,42008,4,0,0,0,0,0,0.2021388078701298,0.29746505790519134,0.36295368190705574,0.2493791891895293,0.36102381865664873,0.06459774476610998,18.47142857142857,0.9118207282913164,2.9,-2.0633053221288513,-0.1969945208414669
2019-04-29,Jersey Basic,39335,4,0,0,0,0,0,-0.06572169539550557,0.08720798887791707,0.5066114224434787,0.10493925978115108,0.24421170546791743,0.10436666171653823,18.014285714285712,1.3909803921568638,24.3,1.4252100840336135,-0.08173093669342679
2019-05-06,Jersey Basic,25134,5,0,0,0,0,0,-0.4405528101706926,-0.15306609277047092,0.06358915151833365,-0.3617720627592362,-0.26349947056564704,-0.08569540790647631,14.242857142857144,-1.4726610644257712,2.3,-1.6159663865546217,0.34729002162417116
2019-05-13,Jersey Basic,29947,5,0,0,0,0,0,0.1747608004661934,-0.13539217859090708,0.12620031856439345,-0.16107552055524746,-0.09565218815180863,-0.1477276682188571,15.514285714285714,0.3395518207282911,1.0,-1.9445378151260504,0.2914521176006014
2019-05-20,Jersey Basic,32930,5,0,0,0,0,0,0.094883658734238,-0.2422802785694767,0.05619731326265023,-0.035085624587218076,-0.01416408130095225,-0.04523738334184423,16.52857142857143,1.8339495798319336,0.5,-2.4384873949579826,0.3770196803731012
2019-05-27,Jersey Basic,40547,5,0,0,0,0,0,0.20733017931243305,0.030344757759075695,0.11747502793981258,0.24067639059519394,0.18665461751530424,0.15315110212818786,12.771428571428572,-1.2199999999999993,5.4,-2.2058263305322128,0.2881750028003039
2019-06-03,Jersey Basic,35262,6,1,0,0,0,0,-0.13942935167514803,0.3353864383274906,0.18469067920167656,0.09265372157433525,0.030954312787833893,0.06795783084210857,12.314285714285717,-1.0021848739495796,30.8,1.697254901960784,0.34764882857363166
2019-06-10,Jersey Basic,31282,6,1,0,0,0,0,-0.11962009739059579,0.04360678620892759,-0.09192106828750288,-0.10278453447399959,-0.11025928704275208,-0.02922133025128163,14.37142857142857,1.412156862745098,15.2,0.0567507002801119,0.3336780851925918
2019-06-17,Jersey Basic,53948,6,1,0,0,1,0,0.5318784340753624,0.4838509062397637,0.24886405750835683,0.4259034846752989,0.43822780279953955,0.08997323406197914,11.357142857142858,-1.2268907563025218,17.0,0.7550140056022409,-0.18061290805085772
2019-06-24,Jersey Basic,59458,6,1,0,0,1,0,0.09717298736975138,0.3782010823818593,0.4073770326363805,0.3850518010073071,0.4902277107310613,0.21173436595200074,13.55714285714286,1.363025210084034,13.2,-0.3127170868347338,-0.32257811869964614
2019-07-01,Jersey Basic,49190,7,1,0,0,1,0,-0.18901406028617077,0.329844164025857,0.6473278981936414,0.08924636799137017,0.24218976468882122,0.12220880920560735,12.957142857142856,0.896582633053221,8.3,-1.1516526610644255,-0.19657050556911437
2019-07-08,Jersey Basic,41652,7,1,0,0,1,0,-0.16595847370250605,0.2843666798923224,0.3269598646081687,-0.15129574737891077,0.001958604897507167,-0.09235047408345788,12.3,0.284593837535014,0.4,-1.5316526610644257,-0.19427005537820452
2019-07-15,Jersey Basic,40589,7,1,0,0,0,0,-0.025850852352212347,-0.28261949749580595,0.20835429730126098,-0.2285408729082962,-0.05846802684158679,-0.13441319019088185,12.12857142857143,0.0194957983193282,0.0,-1.1345658263305325,-0.24276497789048426
2019-07-22,Jersey Basic,52793,7,1,0,0,0,0,0.26137799016131613,-0.11875172392670491,0.26239553755312756,0.10089513579491399,0.1818895647650528,0.021161194607408344,12.928571428571429,0.4849859943977593,0.2,-1.5197759103641455,-0.555612914762568
2019-07-29,Jersey Basic,35444,7,1,0,0,0,0,-0.3932363885164639,-0.32483398339121433,0.0051480778109897945,-0.260417171523505,-0.24893858825642726,-0.015063526905207224,12.071428571428571,-0.4925490196078423,14.2,0.3939495798319328,-0.23014082896818872
2019-08-05,Jersey Basic,32921,8,1,0,0,0,0,-0.0738096957855717,-0.234159810275574,0.05105680260870045,-0.2567761596289101,-0.32175923630744124,-0.09979288395351063,11.585714285714284,-1.0244257703081232,0.3,-1.413333333333333,-0.16122237436561845
2019-08-12,Jersey Basic,34465,8,1,0,0,0,0,0.0458255410374398,-0.16318916611535253,-0.44072703243353284,-0.1594555491839497,-0.2813554233550926,-0.14781105240713668,11.885714285714286,-1.0732212885154069,0.3,-1.8679551820728293,-0.2249958233583409
2019-08-19,Jersey Basic,28020,8,1,0,0,0,0,-0.20628950287942696,-0.61309441270354,-0.7187635584086615,-0.32530826101139665,-0.42879971882132734,-0.0633641554951732,13.085714285714284,-0.3051540616246494,0.7,-2.1571988795518204,0.1523853432994183
2019-08-26,Jersey Basic,27028,8,1,0,0,0,0,-0.03604127176132569,-0.26943269722651114,-0.5815424025415938,-0.1903064021792117,-0.3721075442525274,-0.07881470575772416,13.242857142857144,-0.7904761904761904,58.0,6.452773109243698,0.20936458956772508
2019-09-02,Jersey Basic,29338,9,0,0,0,0,0,0.08196430181441643,-0.1150998212274588,-0.34692209193063556,-0.042387794370387116,-0.2206453111158021,-0.05510428839120306,14.328571428571427,-0.4559103641456583,0.6,-1.2151820728291316,0.13895364070749827
2019-09-09,Jersey Basic,27662,9,0,0,0,0,0,-0.058807015480455596,-0.21900300291329042,-0.3788076254177192,-0.07148614777454725,-0.2363128394023331,0.004412394530472675,13.7,-1.6863865546218493,2.1,-1.1348459383753502,-0.04206627836830042
2019-09-16,Jersey Basic,25484,9,0,0,0,0,0,-0.08196289158307712,-0.09479664717416839,-0.6977528342232627,-0.09451173566204069,-0.27059673385131844,-0.023040396557805796,16.442857142857143,0.5840161064425767,82.5,10.216698179271708,-0.011471268753764963
2019-09-23,Jersey Basic,44780,9,0,0,0,0,0,0.5492428398826472,0.4944295762469481,0.23274829894424864,0.4823304281623541,0.39384431341440723,0.13876036777846454,14.742857142857144,-1.624432773109244,3.3,-1.314418767507003,-0.5326741015688071
2019-09-30,Jersey Basic,29781,9,0,0,0,0,0,-0.4023282841612027,0.014986721189914539,-0.1001562916603524,-0.06607464434713885,-0.04693142120049608,0.0803495476254379,17.24285714285714,0.2431372549019606,13.4,-0.2032107843137253,-0.19237209963846577
2019-10-07,Jersey Basic,26596,10,0,0,0,0,0,-0.11298933561596625,-0.03929374325283854,-0.25774224930013434,-0.1821770104044321,-0.14712861376438996,-0.03683798969250134,14.742857142857144,-2.6964285714285716,17.7,0.2916071428571428,-0.17638754622910552
2019-10-14,Jersey Basic,23190,10,0,0,0,0,0,-0.1368256081297711,-0.09425976520278731,-0.1886350248531527,-0.308849993979973,-0.25067359718728843,-0.21859794868881618,17.114285714285714,-0.6860714285714291,2.0,-1.6616071428571428,-0.22779053127582238
2019-10-21,Jersey Basic,25794,10,0,0,0,0,0,0.10632042682016876,-0.5380451571954217,-0.046722954574875825,-0.18609986028314113,-0.12497188393849736,-0.058340370408771144,19.514285714285712,1.311666666666667,0.0,-1.9167261904761903,0.06380423120386461
2019-10-28,Jersey Basic,28847,10,0,0,0,0,0,0.11174758471669315,-0.03186190789854991,-0.01687720144789202,0.09084525534991306,-0.00798012924512017,0.03584130403664529,19.82857142857143,1.3670238095238092,12.6,-0.8430952380952379,-0.06746538692982122
2019-11-04,Jersey Basic,19023,11,0,0,0,0,0,-0.41044493793837733,-0.3320107704241316,-0.37009744585638016,-0.3139281598533934,-0.41606168158403484,-0.039019553595326946,18.557142857142857,-0.3161904761904758,9.4,-1.4295238095238094,0.33356935429852813
2019-11-11,Jersey Basic,18985,11,0,0,1,0,0,-0.0019995789307735777,-0.19940722231619573,-0.292293494690976,-0.24206857913730434,-0.3815650853012551,-0.13060474994420898,19.585714285714285,0.3611904761904745,2.5,-2.180595238095238,-0.014305796714133626
2019-11-18,Jersey Basic,17335,11,0,0,1,0,0,-0.09085902583375409,-0.3922650470789934,-0.8836834618471074,-0.2877849588411579,-0.4403783020331627,-0.164266532164555,20.314285714285713,0.4889880952380946,6.1000000000000005,-1.8120238095238097,0.0841069803212323
2019-11-25,Jersey Basic,46162,11,0,0,1,0,0,0.9079798759632778,0.4616779196715616,0.43140248788163527,0.7473496827874131,0.6432708589429061,0.3143372123801896,21.014285714285712,0.4947619047619044,7.4,-1.6501785714285713,-0.7699000204043258
2019-12-02,Jersey Basic,17396,12,0,1,1,0,0,-0.9051889327798567,-0.0893489612922397,-0.41825784605119815,-0.373150798793573,-0.3869255108930508,0.09635755235957646,21.52857142857143,0.6311904761904776,0.8999999999999999,-2.3863095238095235,0.1741275164456827
2019-12-09,Jersey Basic,16358,12,0,1,0,0,0,-0.06150381812503299,-0.14865743436281956,-0.34550417995832,-0.4167442784226349,-0.4021294324898017,-0.13037191883386634,21.085714285714285,-0.1081547619047625,5.7,-1.3264880952380955,0.28959794941369654
2019-12-16,Jersey Basic,22392,12,0,1,0,0,1,0.31143224199059394,0.2545875472808142,-0.14120283313813833,-0.08225073114615832,-0.05833576959057568,-0.28286349912564057,21.8,0.4222619047619034,0.1,-2.192559523809524,0.012220922980621513
2019-12-23,Jersey Basic,17821,12,0,1,0,0,1,-0.2273394062945114,-0.885891537255473,-0.47252933605342695,-0.35743581006332964,-0.26699809681957554,0.03952573231166695,22.842857142857145,1.274236694677871,7.0,-0.8954411764705883,0.2500552227786806
2019-12-30,Jersey Basic,21288,12,0,1,0,0,1,0.17729933379532414,0.20122013229137978,0.11237626889056243,0.14058659792549738,-0.029892183152460176,0.05250002941214088,24.6,2.643298319327733,2.8,-2.033669467787115,0.1403664520947324
2020-01-06,Jersey Basic,23033,1,0,1,0,0,1,0.07874370710301179,0.33890988606992023,0.19267931873581232,0.16792652938442484,0.03606067227170434,0.02550452951453695,22.514285714285712,0.1506022408963586,17.8,-0.8530252100840336,0.05913951818468564
2020-01-13,Jersey Basic,21371,1,0,1,0,0,0,-0.07485811751832638,-0.046660418771088875,0.20854646780620742,0.01117528679667862,-0.061329029147124285,0.05936799974289023,21.714285714285715,-0.7705322128851547,61.10000000000001,5.572268907563026,0.12717167692937373
2020-01-20,Jersey Basic,23598,1,0,1,0,0,0,0.09904600506811337,0.27895408971949637,-0.6469036511782211,0.12230122268396176,0.015819329018274545,0.023599506166445974,25.014285714285712,2.243193277310925,14.5,-1.0621288515406164,0.02084163207004667
2020-01-27,Jersey Basic,23773,1,0,1,0,0,0,0.007388486314897877,0.11029492863918117,0.3097961908330933,0.06293455704202983,0.1523705443399925,0.019382183846050213,25.5,2.5866666666666656,10.0,-1.6726050420168066,0.039488421927342095
2020-02-03,Jersey Basic,26134,2,0,1,0,0,0,0.09461598194177241,0.1261415125534805,0.46013365056322836,0.1300079922161064,0.2082776524997163,0.060980645854350916,21.5,-1.0746218487394954,216.7,27.102072829131657,-0.07657162228397357
2020-02-10,Jersey Basic,23403,2,0,1,0,0,0,-0.11026101256591991,0.09076695891513115,0.04415328991578601,-0.013411993828275803,0.042625613876482206,0.007330663832473295,22.685714285714287,0.3229691876750706,44.0,2.50952380952381,0.01464787077150712
2020-02-17,Jersey Basic,23283,2,0,1,0,0,0,-0.005140727192703286,-0.013438279326879575,0.26576487613055294,-0.039739000642433145,0.03186931423453638,-0.01739670504501558,21.67142857142857,-0.556638655462183,11.9,-1.7234173669467787,0.14821147482904282
2020-02-24,Jersey Basic,25599,2,0,1,0,0,0,0.09475880304575086,0.07396904828773199,0.18388891659142548,0.05832482968104449,0.0968016854192693,-0.007010841117636256,22.114285714285717,0.0412324929971974,2.9,-3.7517086834733897,0.2868901730947543
2020-03-02,Jersey Basic,25310,3,0,0,0,0,0,-0.011353591256807587,-0.03203483274882075,0.0942018453880874,0.028258179064978625,0.06257607837234638,0.03294021075095186,21.25714285714286,-0.513557422969188,74.3,6.5457142857142845,0.5708975253481466
2020-03-09,Jersey Basic,21711,3,0,0,0,0,0,-0.1530805319716496,-0.07500997140532999,0.015783853313037773,-0.1165805446101727,-0.10259476991821499,-0.020875258505979773,18.485714285714288,-2.944145658263306,23.3,-0.7907002801120447,0.6749802718378558
2020-03-16,Jersey Basic,24224,3,0,0,0,0,0,0.1094154736294558,0.0396152129321905,0.026180417959080843,0.010300882875911892,0.00507497334164615,-0.03190285275689361,20.5,-0.5689635854341734,9.4,-2.844313725490196,0.537977914217117
2020-03-23,Jersey Basic,35095,3,0,0,0,0,0,0.36652673286715104,0.3129139515301693,0.3846571860889724,0.36704548048947894,0.36829839519698704,0.11987210382275315,19.271428571428572,-1.1170868347338931,23.1,-0.3578711484593837,-0.08398487508209833
2020-03-30,Jersey Basic,43200,3,0,0,0,0,0,0.20703748114087794,0.5222595089108303,0.4922837138407214,0.47617681518444327,0.5118150004105684,0.24257585953229135,20.057142857142857,0.4836974789915967,27.0,0.4191596638655462,-0.28862046279348214
2020-04-06,Jersey Basic,58300,4,0,0,0,0,0,0.29753693995001107,0.9145992197423051,0.8542403374603054,0.6097417539715916,0.7107413834547393,0.2744277660120318,17.17142857142857,-1.600840336134454,44.3,3.8327170868347338,-0.6023203516855118
2020-04-13,Jersey Basic,29992,4,0,0,0,0,0,-0.6412358845368576,0.21277850771807186,0.25186296567384453,-0.2909750012365245,-0.06759580821907041,-0.000501839867412566,17.52857142857143,-0.6134453781512619,1.7,-1.9510364145658263,0.1665240198519373
2020-04-20,Jersey Basic,37862,4,0,0,0,0,0,0.23196863171018273,0.07585289757383397,0.38647357002021493,-0.09520335572617214,0.13937177243898252,-0.10468485882388721,17.52857142857143,-0.1197759103641458,0.0,-2.4468907563025213,0.0422535807238114
2020-04-27,Jersey Basic,28945,4,0,0,0,0,0,-0.2669480663119713,-0.39517636994451816,0.13399686170871397,-0.37578120109755553,-0.17401143651073628,-0.20682273369079823,16.428571428571427,-0.3411204481792713,18.4,0.5345098039215687,0.3016819782412876
2020-05-04,Jersey Basic,30105,5,0,0,0,0,0,0.03928873702663041,-0.6378598351256188,0.3239925766561457,-0.25173580764344217,-0.14798651521373968,-0.027037759974854747,15.5,-0.3475070028011208,0.9,-1.863249299719888,0.2045802376225999
2020-05-11,Jersey Basic,34887,5,0,0,0,0,0,0.14715656858823953,0.15089627919985577,0.3607788614376728,0.09490639680223391,-0.030440051432572265,-0.023566187192128014,12.985714285714286,-2.231932773109244,8.0,-0.8209523809523809,0.11065880502950222
2020-05-18,Jersey Basic,41328,5,0,0,0,0,0,0.16902184165789302,0.08753630287823456,0.16311842866366336,0.225592449270678,0.10250393214724264,0.12399659560132778,14.5,-0.2714845938375355,61.5,6.296190476190476,0.13555090748242293
2020-05-25,Jersey Basic,42274,5,0,0,0,0,0,0.02263103699358779,0.3743102156921548,-0.021667407125736317,0.22230837137981882,0.10445682841253612,0.11561166357695014,14.171428571428573,0.0551260504201686,27.8,1.0065546218487396,0.15684450368034128
2020-06-01,Jersey Basic,34083,6,1,0,0,0,0,-0.21454482982451303,0.12394839770834432,-0.5242739351553006,-0.08607146877234177,-0.1076728456099856,-0.003843431197246447,11.685714285714283,-1.6943417366946771,5.3,-1.95484593837535,0.26357417845263387
2020-06-08,Jersey Basic,34540,6,1,0,0,0,0,0.013319149168087985,-0.009996110735128676,0.14095332111345313,-0.09914285048380364,-0.011356684499875942,-0.075033665297194,13.94285714285714,0.9328851540616244,33.099999999999994,2.4538375350140056,0.04230155086573027
2020-06-15,Jersey Basic,48298,6,1,0,0,1,0,0.33216638904448714,0.15553522068294423,0.24224697673521411,0.2372031431642764,0.30536627712398956,0.04655673742123202,12.714285714285714,0.0647058823529412,7.9,-0.54593837535014,-0.3374052677503292
2020-06-22,Jersey Basic,59174,6,1,0,0,1,0,0.20239689961298016,0.3331756104964985,0.6860949242253107,0.391526952792017,0.46605855365755794,0.20223401681515046,11.142857142857142,-1.073165266106443,2.7,-1.7039775910364146,-0.5133634082641166
2020-06-29,Jersey Basic,40934,6,1,0,0,1,0,-0.36440643376340687,0.18265192735908056,0.3048747785054751,-0.07273615243491849,0.008534702111050441,0.06571993778011131,12.1,0.0189915966386554,6.7,-1.413389355742297,-0.14868180652515503
2020-07-06,Jersey Basic,33182,7,1,0,0,1,0,-0.2091855953050463,-0.04010513451743497,-0.050096224416511945,-0.31816366712079763,-0.23316149495554897,-0.14007092671165675,11.585714285714284,-0.4400560224089643,12.3,0.0291876750700281,0.0037700281618096416
2020-07-13,Jersey Basic,33982,7,1,0,0,0,0,0.023822285038940953,-0.3479824903261427,-0.19508696866055059,-0.28760754638865327,-0.2045902906150973,-0.19926347029357072,12.242857142857144,0.1726610644257708,20.2,1.7710364145658262,-0.0919831498360981
2020-07-20,Jersey Basic,35899,7,1,0,0,0,0,0.05486469698874667,-0.48962375249284756,-0.16309978731531893,-0.15232188189657653,-0.1280026821931351,-0.03973693786017956,11.385714285714286,-1.013893557422969,79.3,9.83439775910364,-0.12963026661765148
2020-07-27,Jersey Basic,35122,7,1,0,0,0,0,-0.02188085152614434,-0.15283474932063879,0.030026731304768985,-0.024669138276699632,-0.1301549873184402,0.022396062600251353,12.714285714285714,0.1552941176470597,36.4,3.542633053221288,-0.059236818510671196
2020-08-03,Jersey Basic,34786,8,1,0,0,0,0,-0.00961263347220251,0.04719868034372998,0.007096904275541521,0.0069159732471981445,-0.1429484179060479,0.0046784795748309625,11.028571428571428,-1.5666666666666669,44.5,4.878431372549019,0.0038924459607279443
2020-08-10,Jersey Basic,30014,8,1,0,0,0,0,-0.14728394607148315,-0.12400774660892097,-0.4669526900870189,-0.1518828485633251,-0.289462474542868,-0.05298444119880028,13.385714285714286,0.5062745098039214,20.0,1.065770308123249,0.04968809403629911
2020-08-17,Jersey Basic,28181,8,1,0,0,0,0,-0.06299510050708479,-0.24088638449168587,-0.7095872998778021,-0.18585768578381587,-0.2938087968559852,-0.07992006182774626,12.485714285714286,-0.8611764705882349,1.9,-2.012717086834734,0.06082917389199471
2020-08-24,Jersey Basic,36391,8,1,0,0,0,0,0.2542897771699877,0.03549004976745348,-0.11750403834454477,0.12760763621166935,0.0675676616200143,0.009219923655198112,11.55714285714286,-2.3607843137254902,0.1,-1.917422969187675,-0.32355897892767477
2018-11-19,Jersey Fancy,74388,11,0,0,1,0,0,0.7023649380178564,0.20593533541504613,0.06718030210738703,0.5200414058096257,0.42105829892715746,0.20575717620880268,19.185714285714287,-0.7561309523809528,4.4,-2.1067261904761905,-0.5107118964044131
2018-11-26,Jersey Fancy,41468,11,0,0,1,0,0,-0.5682916626106259,-0.004691390583743957,-0.04172225206374622,-0.12841531306290302,-0.16890026783608356,0.11140581065690619,18.87142857142857,-1.7311309523809524,68.0,7.027380952380953,0.1431130184687216
2018-12-03,Jersey Fancy,36448,12,0,1,1,0,0,-0.1288567141830506,-0.011321629460200258,-0.33105910684877726,-0.25519475440172207,-0.2917360472145059,-0.06538739596248573,20.542857142857144,-0.3702380952380935,2.0,-2.148214285714286,0.2636505769017783
2018-12-10,Jersey Fancy,34545,12,0,1,0,0,0,-0.05361091787610278,-0.03344481510154942,-0.35916069112463184,-0.30560016908192006,-0.30733588088789826,-0.26663026793549327,21.97142857142857,0.7328571428571428,21.3,0.8706547619047618,0.31227785134957065
2018-12-17,Jersey Fancy,53804,12,0,1,0,0,1,0.4359754963615775,-0.3211432800620432,-0.1171447798020213,0.1411065346925192,0.17382762335928117,0.08445553581437974,21.185714285714287,-0.2119642857142868,16.5,0.1732142857142856,-0.11805229550697341
2018-12-24,Jersey Fancy,44026,12,0,1,0,0,1,-0.19989777777986759,0.0598404552403571,0.055152935495736084,0.057475996775969866,-0.007611294865160835,0.09949591940681247,23.142857142857142,1.5363025210084034,0.0,-1.8765056022408968,0.06173115662314157
2018-12-31,Jersey Fancy,45750,12,0,1,0,0,1,0.038406700267182764,0.22633153540642023,0.2151477318303964,0.08059165931524297,0.02416275099949394,0.05352870055233771,24.185714285714287,2.1419712885154074,8.3,-1.3421918767507004,0.01780008265737364
2019-01-07,Jersey Fancy,52774,1,0,1,0,0,1,0.14258454503299614,0.4175265310521987,0.38542725189442784,0.16942045430394653,0.1421795869111547,-0.002782729095761347,22.928571428571427,0.5614425770308132,7.6,-2.431344537815126,-0.1692179603028407
2019-01-14,Jersey Fancy,43462,1,0,1,0,0,0,-0.19352424885647268,-0.21265395487315292,-0.5248366478602181,-0.12158767112900155,-0.09715979696981834,0.011465926682882174,24.685714285714287,2.1592156862745093,0.1,-3.082464985994398,0.1028623786710089
2019-01-21,Jersey Fancy,47183,1,0,1,0,0,0,0.08210050014671522,0.06922562314627673,0.12893255284356517,0.014516576339760983,0.06902996939396373,-0.010600045237855384,24.957142857142856,2.147450980392157,10.3,-1.6234173669467786,0.07714565007038778
2019-01-28,Jersey Fancy,49846,1,0,1,0,0,0,0.05489080471012162,0.08569396029762835,0.31051984354602075,0.05257969846935274,0.10776467873006652,-0.010478875937622019,24.814285714285713,1.930812324929972,20.9,-0.3061624649859942,0.08231756030859357
2019-02-04,Jersey Fancy,42686,2,0,1,0,0,0,-0.15475726981460966,-0.21135553715995106,0.21082207375737533,-0.12373869604897252,-0.08389093036640928,0.0007315328729798852,24.042857142857144,1.5163025210084031,4.6,-3.1249299719887955,0.1779078870549641
2019-02-11,Jersey Fancy,41089,2,0,1,0,0,0,-0.03812593164724723,-0.056131800779841735,-0.2679860417947364,-0.10831201391955265,-0.14350723932871087,-0.056286364100653595,22.571428571428573,0.2165826330532217,0.5,-3.642072829131653,0.19433986711720447
2019-02-18,Jersey Fancy,60750,2,0,1,0,0,0,0.3861192591027159,0.2513966951461241,0.31923340613817275,0.29351303350580865,0.2795069458451634,0.06403218455361782,21.942857142857143,-0.2675630252100823,41.1,2.359439775910364,-0.1609924529311099
2019-02-25,Jersey Fancy,51068,2,0,1,0,0,0,-0.1731742622265778,0.02421864113564736,0.10985560309331731,0.049673516410953834,0.06313471675964233,0.09163313428122409,22.414285714285715,0.3796638655462168,4.4,-3.589803921568627,0.08673770283258392
2019-03-04,Jersey Fancy,50558,3,0,0,0,0,0,-0.010036801408363974,0.16884732167544675,-0.04289087518114669,0.033376483964024706,0.0393434183982107,0.036812227423640737,22.957142857142856,1.239327731092436,7.2,-3.0069467787114843,0.11432833752107281
2019-03-11,Jersey Fancy,51439,3,0,0,0,0,0,0.017275017553947322,0.22371605949083392,0.16811202899627972,0.01119688361649312,0.06231879938320075,-0.053210484704805994,21.614285714285717,0.2262184873949582,126.6,13.95501400560224,0.11048698680694032
2019-03-18,Jersey Fancy,47804,3,0,0,0,0,0,-0.07325453536764236,-0.2385172312670702,0.013075473210534637,-0.11159145622746988,-0.031367309865276596,-0.017744898063018343,21.442857142857143,0.4514285714285724,11.0,-2.6315966386554623,0.21656256493993406
2019-03-25,Jersey Fancy,55852,3,0,0,0,0,0,0.15528285569030534,0.08948746559133061,0.11364453227791384,0.10624662461087216,0.12250016393208692,0.023820707233627277,19.857142857142858,-0.4196078431372539,39.4,2.038263305322129,0.15685681104982563
2019-04-01,Jersey Fancy,63439,4,0,0,0,0,0,0.12720154702028574,0.22598839923878,0.39110482184019185,0.20941252418803247,0.23387083938525613,0.08062452376976526,19.17142857142857,-0.2668907563025208,9.0,-2.0034173669467785,-0.02674035930576724
2019-04-08,Jersey Fancy,50775,4,0,0,0,0,0,-0.221759149985831,-0.012992349130405834,0.21087694394154527,-0.07321041333079566,-0.038152665469962356,0.030293293610073924,18.485714285714288,-0.2035854341736711,6.5,-1.526778711484594,0.1301269574720908
2019-04-15,Jersey Fancy,58150,4,0,0,0,0,0,0.13541427339152126,0.19529229297067988,-0.043734229710105474,0.06539836054967726,0.07473644759831734,-0.010113225889276456,18.942857142857143,0.8749579831932763,1.6,-1.94,-0.046838516581706104
2019-04-22,Jersey Fancy,69316,4,0,0,0,0,0,0.17519965833713055,0.2151348553123026,0.30316320602134494,0.19406504401258143,0.25506575850354546,0.041386957275952235,18.47142857142857,0.9118207282913164,2.9,-2.0633053221288513,-0.12089579074024329
2019-04-29,Jersey Fancy,68609,4,0,0,0,0,0,-0.010251948374088115,0.07830485765320402,0.30295299364835915,0.12693270308329596,0.20385161361203186,0.1047891415063537,18.014285714285712,1.3909803921568638,24.3,1.4252100840336135,-0.10990463964514621
2019-05-06,Jersey Fancy,47370,5,0,0,0,0,0,-0.36625595381481213,-0.06938712987137134,-0.08236091687273596,-0.26296609881573857,-0.20471276721880624,-0.05429891672782088,14.242857142857144,-1.4726610644257712,2.3,-1.6159663865546217,0.1923124587658257
2019-05-13,Jersey Fancy,57547,5,0,0,0,0,0,0.1940009684988902,-0.010423779174502724,0.18496264515832514,-0.05598005112008579,-0.0020375591900095077,-0.09314039427874281,15.514285714285714,0.3395518207282911,1.0,-1.9445378151260504,0.17106444241469515
2019-05-20,Jersey Fancy,61549,5,0,0,0,0,0,0.067206286236208,-0.11870247784048481,0.09705198257166493,0.013716725265247687,0.04428667734850087,-0.018722535042475362,16.52857142857143,1.8339495798319336,0.5,-2.4384873949579826,0.25285931216239765
2019-05-27,Jersey Fancy,65145,5,0,0,0,0,0,0.05676669681647597,-0.05179658100996484,0.02653518281379981,0.1029143238274312,0.08899555430680081,0.09900565864305812,12.771428571428572,-1.2199999999999993,5.4,-2.2058263305322128,0.2774569239410845
2019-06-03,Jersey Fancy,57690,6,1,0,0,0,0,-0.12138234018997289,0.19645916245080597,0.1275065665881793,-0.003681026644300328,-0.036045408814937174,0.006654789892080012,12.314285714285717,-1.0021848739495796,30.8,1.697254901960784,0.25272711287470995
2019-06-10,Jersey Fancy,49512,6,1,0,0,0,0,-0.1525717775307965,-0.15010414537583677,-0.1604651564996906,-0.1994776987178443,-0.20257024245679514,-0.07450490689015808,14.37142857142857,1.412156862745098,15.2,0.0567507002801119,0.26529324740219246
2019-06-17,Jersey Fancy,97734,6,1,0,0,1,0,0.654985525515321,0.4543485437322433,0.34023345896158685,0.5026631094097215,0.4848745777023913,0.13268463708761968,11.357142857142858,-1.2268907563025218,17.0,0.7550140056022409,-0.38204218450088123
2019-06-24,Jersey Fancy,90848,6,1,0,0,1,0,-0.0730292384954106,0.3295404238710657,0.2789341292143446,0.294601344719016,0.35980323249764457,0.1997349390131319,13.55714285714286,1.363025210084034,13.2,-0.3127170868347338,-0.33789327197026936
2019-07-01,Jersey Fancy,69812,7,1,0,0,1,0,-0.2618697838681715,0.1901460339422749,0.38302810358198186,-0.05751332019764715,0.05728199154748325,0.0701694663933865,12.957142857142856,0.896582633053221,8.3,-1.1516526610644255,-0.13150141009844424
2019-07-08,Jersey Fancy,62476,7,1,0,0,1,0,-0.11090952904406251,0.2315248020944244,0.0821342562319846,-0.20796328200694456,-0.09532556099899586,-0.15808271065437465,12.3,0.284593837535014,0.4,-1.5316526610644257,-0.1451969163933643
2019-07-15,Jersey Fancy,61680,7,1,0,0,0,0,-0.012822577840417253,-0.4523316590471143,0.0021261228748732383,-0.2612801457209585,-0.11701134903618031,-0.13319476246847436,12.12857142857143,0.0194957983193282,0.0,-1.1345658263305325,-0.22056881878251264
2019-07-22,Jersey Fancy,74996,7,1,0,0,0,0,0.19485498266184284,-0.19116760098444802,0.140586978249235,0.051874144297207325,0.07805414377536223,0.021944943978451367,12.928571428571429,0.4849859943977593,0.2,-1.5197759103641455,-0.4949184035842512
2019-07-29,Jersey Fancy,57087,7,1,0,0,0,0,-0.27117796732088206,-0.20055319268783534,-0.010507331425157803,-0.1633421246486371,-0.21156715063667278,-0.004450532441189204,12.071428571428571,-0.4925490196078423,14.2,0.3939495798319328,-0.32092423795383723
2019-08-05,Jersey Fancy,51511,8,1,0,0,0,0,-0.10269065539529909,-0.19239035692859088,0.03957514547033556,-0.21716134545875415,-0.31151783950728423,-0.07895822502249374,11.585714285714284,-1.0244257703081232,0.3,-1.413333333333333,-0.2685408044214445
2019-08-12,Jersey Fancy,53458,8,1,0,0,0,0,0.037096665928099425,-0.1428199179624465,-0.5856923569277163,-0.1369705447200334,-0.27868561688075577,-0.11843814659335268,11.885714285714286,-1.0732212885154069,0.3,-1.8679551820728293,-0.34273964547741465
2019-08-19,Jersey Fancy,43311,8,1,0,0,0,0,-0.20971591708675472,-0.535640316538492,-0.7086665716252123,-0.3110339791558489,-0.4039357055597344,-0.07670365586089976,13.085714285714284,-0.3051540616246494,0.7,-2.1571988795518204,-0.011377884842384136
2019-08-26,Jersey Fancy,38957,8,1,0,0,0,0,-0.10584917329097163,-0.37753528846080364,-0.5673491423595116,-0.27430611665596444,-0.41393813558874365,-0.10213579362763156,13.242857142857144,-0.7904761904761904,58.0,6.452773109243698,0.15993198025808328
2019-09-02,Jersey Fancy,41631,9,0,0,0,0,0,0.06636223590702746,-0.21214918700158497,-0.4004533720027785,-0.1171016563815309,-0.2844161873288411,-0.08984139132165335,14.328571428571427,-0.4559103641456583,0.6,-1.2151820728291316,0.11853586803698657
2019-09-09,Jersey Fancy,37359,9,0,0,0,0,0,-0.10816558784237024,-0.35453713832130246,-0.4911398440788004,-0.1708788090105037,-0.34305885701245636,-0.037658905910803765,13.7,-1.6863865546218493,2.1,-1.1348459383753502,0.03346946207240114
2019-09-16,Jersey Fancy,34459,9,0,0,0,0,0,-0.08075969587680816,-0.2276456158506978,-0.7407062127686043,-0.15661965384475374,-0.3639206895395856,-0.04662808428465862,16.442857142857143,0.5840161064425767,82.5,10.216698179271708,-0.0034302324584234755
2019-09-23,Jersey Fancy,56645,9,0,0,0,0,0,0.48704775888988944,0.3700340919638901,-0.007772658393896909,0.39143397610605196,0.2352524761428631,0.09910284668235556,14.742857142857144,-1.624432773109244,3.3,-1.314418767507003,-0.514705544500554
2019-09-30,Jersey Fancy,46083,9,0,0,0,0,0,-0.2056303986132233,0.10151172899396382,-0.11123634421713745,0.08034399100869596,0.0312206000047802,0.11082006781432806,17.24285714285714,0.2431372549019606,13.4,-0.2032107843137253,-0.36673028409365255
2019-10-07,Jersey Fancy,37902,10,0,0,0,0,0,-0.19482049902195633,0.014429783967000601,-0.3405428997254182,-0.14065747737185558,-0.1486355877662388,-0.0005323007034755175,14.742857142857144,-2.6964285714285716,17.7,0.2916071428571428,-0.2550423342013862
2019-10-14,Jersey Fancy,31907,10,0,0,0,0,0,-0.1717543533998667,-0.07690684757535945,-0.3032252837558754,-0.3135667884243888,-0.27413991412105987,-0.1910198927529774,17.114285714285714,-0.6860714285714291,2.0,-1.6616071428571428,-0.2068114809662832
2019-10-21,Jersey Fancy,33214,10,0,0,0,0,0,0.04014065999782988,-0.5215059032149055,-0.15914979259952636,-0.25986842501646273,-0.20056038938303034,-0.11965178813322667,19.514285714285712,1.311666666666667,0.0,-1.9167261904761903,0.1236353329952593
2019-10-28,Jersey Fancy,35250,10,0,0,0,0,0,0.05947651146656604,-0.2663863310984144,-0.16599679593145783,-0.05588302052675862,-0.12375249171650056,-0.0192344125249498,19.82857142857143,1.3670238095238092,12.6,-0.8430952380952379,0.07328793441104275
2019-11-04,Jersey Fancy,26941,11,0,0,0,0,0,-0.2672090731067494,-0.33807811674110955,-0.32404353579957895,-0.24800334102583463,-0.3682844685546592,-0.04041095763444292,18.557142857142857,-0.3161904761904758,9.4,-1.4295238095238094,0.36726158700458816
2019-11-11,Jersey Fancy,25795,11,0,0,1,0,0,-0.04346177019638311,-0.2118470690150404,-0.2875825575867973,-0.2093955465909256,-0.37754858167041633,-0.10087788445947597,19.585714285714285,0.3611904761904745,2.5,-2.180595238095238,0.2724923590131086
2019-11-18,Jersey Fancy,25044,11,0,0,1,0,0,-0.029544246364238226,-0.2804764914526248,-0.7736904412175338,-0.18993928194784324,-0.3780088080322757,-0.11240909095252292,20.314285714285713,0.4889880952380946,6.1000000000000005,-1.8120238095238097,0.3683538891988938
2019-11-25,Jersey Fancy,61934,11,0,0,1,0,0,0.8482604601563508,0.5491438806975659,0.29349083397074843,0.7467776731337726,0.6159808108471757,0.2984038736732503,21.014285714285712,0.4947619047619044,7.4,-1.6501785714285713,-0.4417190323566535
2019-12-02,Jersey Fancy,26817,12,0,1,1,0,0,-0.7913600795177502,-0.004613266690975606,-0.3425578163272666,-0.26273978629244926,-0.2576569944499812,0.11449530440589427,21.52857142857143,0.6311904761904776,0.8999999999999999,-2.3863095238095235,0.3434280931098762
2019-12-09,Jersey Fancy,28432,12,0,1,0,0,0,0.05846259449175208,0.09725782000635035,-0.11518254809716608,-0.2041860363910646,-0.15958474920329804,-0.07017795298563718,21.085714285714285,-0.1081547619047625,5.7,-1.3264880952380955,0.3321976135757968
2019-12-16,Jersey Fancy,46549,12,0,1,0,0,1,0.48324240852369515,0.6007570404716372,0.33436554958149645,0.267758341705463,0.34275476907095215,-0.10881195835116046,21.8,0.4222619047619034,0.1,-2.192559523809524,-0.12675519798159054
2019-12-23,Jersey Fancy,34074,12,0,1,0,0,1,-0.30946503331642256,-0.580368290551448,-0.03392764312712356,-0.18288959209434877,-0.015181467245340027,0.11742816423021177,22.842857142857145,1.274236694677871,7.0,-0.8954411764705883,0.16245803291068092
2019-12-30,Jersey Fancy,37954,12,0,1,0,0,1,0.1077358774994203,0.3438884579861834,0.3394098053961074,0.11084229829976092,0.09684091041809031,0.043782352270068915,24.6,2.643298319327733,2.8,-2.033669467787115,0.06398299518002983
2020-01-06,Jersey Fancy,41780,1,0,1,0,0,1,0.09596909484111936,0.38021989459864713,0.47310394456222143,0.12804293451307114,0.1534729576338353,-0.026009465729354895,22.514285714285712,0.1506022408963586,17.8,-0.8530252100840336,-0.07819339240466096
2020-01-13,Jersey Fancy,39541,1,0,1,0,0,0,-0.05506572582566064,-0.16280636164928886,0.44892775570402554,-0.013769892377083022,0.04441342111541748,0.05276069481351177,21.714285714285715,-0.7705322128851547,61.10000000000001,5.572268907563026,-0.04267959199067741
2020-01-20,Jersey Fancy,41680,1,0,1,0,0,0,0.05267110592898128,0.20080787283026977,-0.39095102223732275,0.08355073228458283,0.05029506994436595,0.022214904234974787,25.014285714285712,2.243193277310925,14.5,-1.0621288515406164,-0.08262026201091123
2020-01-27,Jersey Fancy,39076,1,0,1,0,0,0,-0.06449056257143587,0.029131506448617256,0.3720880709001542,-0.029319892470949165,0.05178895070249787,-0.014741141192368091,25.5,2.5866666666666656,10.0,-1.6726050420168066,0.11066565938057704
2020-02-03,Jersey Fancy,40632,2,0,1,0,0,0,0.039042504164136495,-0.027860019709265164,0.3532954838035595,0.0027787618113396455,0.05036726662817435,0.0016628450642742682,21.5,-1.0746218487394954,216.7,27.102072829131657,0.1022395529707491
2020-02-10,Jersey Fancy,36200,2,0,1,0,0,0,-0.11536859341501997,-0.08822170057903381,-0.2501299048899708,-0.10551174129999467,-0.10373784689810285,-0.03777952540093105,22.685714285714287,0.3229691876750706,44.0,2.50952380952381,0.14394667323087426
2020-02-17,Jersey Fancy,36834,2,0,1,0,0,0,0.017361776231295666,-0.1234429497046909,0.07784734930198711,-0.06724298337309013,-0.053714523959464966,-0.0292205148755284,21.67142857142857,-0.556638655462183,11.9,-1.7234173669467787,0.05056960132921576
2020-02-24,Jersey Fancy,42085,2,0,1,0,0,0,0.13307314757984395,0.07414891206000636,0.10322467539013043,0.09715897877404579,0.07067592929821494,0.012823031304504259,22.114285714285717,0.0412324929971974,2.9,-3.7517086834733897,0.05246940834120749
2020-03-02,Jersey Fancy,52042,3,0,0,0,0,0,0.2115652212103813,0.24623950091202496,0.21875465842223235,0.28806959157241935,0.268354203837743,0.12629022017599262,21.25714285714286,-0.513557422969188,74.3,6.5457142857142845,0.10160382105755361
2020-03-09,Jersey Fancy,40903,3,0,0,0,0,0,-0.23969013417203436,0.1219926560057934,0.0338620646943945,-0.021458824717644435,-0.002643007714945624,0.051584972965019404,18.485714285714288,-2.944145658263306,23.3,-0.7907002801120447,0.2982019340091546
2020-03-16,Jersey Fancy,32500,3,0,0,0,0,0,-0.22895521357559737,-0.12501802506654672,-0.247506059652034,-0.27736993407971977,-0.23564937642014955,-0.09525219136268892,20.5,-0.5689635854341734,9.4,-2.844313725490196,0.4565580344490379
2020-03-23,Jersey Fancy,42832,3,0,0,0,0,0,0.27430573264201846,0.017593649855891052,0.0917126509812802,0.02241646890635089,0.06753071060433205,-0.08565163187716394,19.271428571428572,-1.1170868347338931,23.1,-0.3578711484593837,-0.09182331865101728
2020-03-30,Jersey Fancy,57726,3,0,0,0,0,0,0.296227047152349,0.10356387829670072,0.3475873777915904,0.3137774530595905,0.35065839995809,0.13980374590158137,20.057142857142857,0.4836974789915967,27.0,0.4191596638655462,-0.34830362972289425
2020-04-06,Jersey Fancy,72280,4,0,0,0,0,0,0.22389735513903428,0.5544472128420839,0.6651917281491201,0.4973600644835774,0.5158316220886812,0.2614888571722943,17.17142857142857,-1.600840336134454,44.3,3.8327170868347338,-0.5857072908913449
2020-04-13,Jersey Fancy,35707,4,0,0,0,0,0,-0.6773592992238084,0.09403726614461079,-0.031072082516864052,-0.3590815792677843,-0.27621601546717967,-0.013083027392974676,17.52857142857143,-0.6134453781512619,1.7,-1.9510364145658263,0.2916060230626402
2020-04-20,Jersey Fancy,47195,4,0,0,0,0,0,0.2771465036513835,0.09692647545899619,0.1144713236005528,-0.09949033965664704,0.003940899688769239,-0.1280665803433114,17.52857142857143,-0.1197759103641458,0.0,-2.4468907563025213,0.1360461798185972
2020-04-27,Jersey Fancy,34313,4,0,0,0,0,0,-0.31609166422702895,-0.5087625787163577,-0.41060736701737327,-0.43212244843220365,-0.32540121123517496,-0.21618089730745643,16.428571428571427,-0.3411204481792713,18.4,0.5345098039215687,0.4834424051657806
2020-05-04,Jersey Fancy,40298,5,0,0,0,0,0,0.1604321035656377,-0.5681749441600501,-0.014901293952013056,-0.16141459109885248,-0.11977137245371813,0.0022626703253020635,15.5,-0.3475070028011208,0.9,-1.863249299719888,0.2579173890970178
2020-05-11,Jersey Fancy,43993,5,0,0,0,0,0,0.0876724659175365,0.20792973129410966,0.3004980769351947,0.11070362719274025,-0.030517840096411643,-0.008735878775243018,12.985714285714286,-2.231932773109244,8.0,-0.8209523809523809,0.3162829799589915
2020-05-18,Jersey Fancy,59399,5,0,0,0,0,0,0.29801144579829303,0.22898098900536637,0.3241091190713361,0.3559637505479493,0.23741901014353228,0.17741947770724126,14.5,-0.2714845938375355,61.5,6.296190476190476,0.24268512406903456
2020-05-25,Jersey Fancy,58861,5,0,0,0,0,0,-0.009098596159333738,0.5269281016822698,0.019470438051061644,0.2778639046288612,0.185604760541987,0.1403992053280565,14.171428571428573,0.0551260504201686,27.8,1.0065546218487396,0.32681825146829785
2020-06-01,Jersey Fancy,50308,6,1,0,0,0,0,-0.1566928311756482,0.22095666465892624,-0.358469012326345,-0.006533212016687934,0.02622496832060076,0.034638526641509335,11.685714285714283,-1.6943417366946771,5.3,-1.95484593837535,0.3496781014527724
2020-06-08,Jersey Fancy,47522,6,1,0,0,0,0,-0.056955942820076814,0.07712396706279917,0.2839154553361099,-0.11162575619706978,0.026929689528990296,-0.08178814231499593,13.94285714285714,0.9328851540616244,33.099999999999994,2.4538375350140056,0.17009000587052153
2020-06-15,Jersey Fancy,83733,6,1,0,0,1,0,0.5517656386154335,0.34002179330936766,0.558138815866143,0.4313511920561982,0.547609553990573,0.11950553822404507,12.714285714285714,0.0647058823529412,7.9,-0.54593837535014,-0.45598133873053015
2020-06-22,Jersey Fancy,96160,6,1,0,0,1,0,0.13815990463042024,0.4812122166517798,0.948042875567468,0.4614439422338328,0.590807320784573,0.25027383039541073,11.142857142857142,-1.073165266106443,2.7,-1.7039775910364146,-0.5556795758826399
2020-06-29,Jersey Fancy,65673,6,1,0,0,1,0,-0.3767711112471361,0.26495718669511065,0.4789045969386984,-0.05562761869115226,0.08971240577273935,0.09127633896609409,12.1,0.0189915966386554,6.7,-1.413389355742297,-0.17928715125580946
2020-07-06,Jersey Fancy,53048,7,1,0,0,1,0,-0.21268351491844723,0.10989360425785813,0.1866221455545152,-0.3202026548416299,-0.174757236790398,-0.164147693488615,11.585714285714284,-0.4400560224089643,12.3,0.0291876750700281,-0.015271815232461817
2020-07-13,Jersey Fancy,50348,7,1,0,0,0,0,-0.052226390726403525,-0.4979825553511302,-0.16494300226989345,-0.38888332717794066,-0.24397048909247007,-0.22631159901350775,12.242857142857144,0.1726610644257708,20.2,1.7710364145658262,-0.06415464219239606
2020-07-20,Jersey Fancy,54527,7,1,0,0,0,0,0.07969487333120623,-0.5525758618517077,-0.07644547789103824,-0.19498196587504013,-0.14744513052332958,-0.06464874032364207,11.385714285714286,-1.013893557422969,79.3,9.83439775910364,-0.17086247055467332
2020-07-27,Jersey Fancy,58157,7,1,0,0,0,0,0.06442795668545745,-0.12139222932419884,0.1447287116631409,0.039594584421782555,-0.07462017826457042,0.036108847906167106,12.714285714285714,0.1552941176470597,36.4,3.542633053221288,-0.2624634425803482
2020-08-03,Jersey Fancy,51918,8,1,0,0,0,0,-0.11335907129940366,-0.021530780985637616,0.08841512292004983,-0.039683587764851376,-0.20296977946471603,0.01551988805731757,11.028571428571428,-1.5666666666666669,44.5,4.878431372549019,-0.16622102885093726
2020-08-10,Jersey Fancy,46657,8,1,0,0,0,0,-0.10674105794083576,-0.07609916857689462,-0.568693909522296,-0.1410535409598426,-0.316429483928112,-0.05651640769829642,13.385714285714286,0.5062745098039214,20.0,1.065770308123249,-0.1666247402423701
2020-08-17,Jersey Fancy,43080,8,1,0,0,0,0,-0.07972185208505184,-0.23455284488709122,-0.7624245796836457,-0.20302988009187406,-0.3211387199824881,-0.10107901224993472,12.485714285714286,-0.8611764705882349,1.9,-2.012717086834734,-0.1302345673521138
2020-08-24,Jersey Fancy,48094,8,1,0,0,0,0,0.10998749402269302,-0.1894193901343161,-0.30903512777808806,-0.037920588331706466,-0.09566422301199322,-0.0317240136870496,11.55714285714286,-2.3607843137254902,0.1,-1.917422969187675,-0.3239710476335533
2018-11-19,Outdoor,16829,11,0,0,1,0,0,0.674985044706136,0.06954222218205047,0.07062441890960204,0.4076468140134793,0.3560437772759668,0.12419170032491877,19.185714285714287,-0.7561309523809528,4.4,-2.1067261904761905,-0.6839082969612222
2018-11-26,Outdoor,7809,11,0,0,1,0,0,-0.7322022297100227,-0.42956255107465546,-0.28269830307347266,-0.3749869550528608,-0.4140237328756499,0.06478491398889162,18.87142857142857,-1.7311309523809524,68.0,7.027380952380953,0.10729144326906369
2018-12-03,Outdoor,6739,12,0,1,1,0,0,-0.14709923740730857,-0.22013863055283847,-0.6172864203861071,-0.42214933011597633,-0.5272962614441017,-0.13910808661062266,20.542857142857144,-0.3702380952380935,2.0,-2.148214285714286,0.2208043358966378
2018-12-10,Outdoor,6507,12,0,1,0,0,0,-0.035029437561612926,-0.24644610301878286,-0.47878428067980355,-0.4163307018352989,-0.49719604238590126,-0.3382535805877333,21.97142857142857,0.7328571428571428,21.3,0.8706547619047618,0.2808832547654273
2018-12-17,Outdoor,10430,12,0,1,0,0,1,0.46324609278548823,-0.46949627869721716,-0.4032455294515057,0.09637705679342176,0.012481532758271132,0.0969477405815161,21.185714285714287,-0.2119642857142868,16.5,0.1732142857142856,-0.12755829255881962
2018-12-24,Outdoor,7820,12,0,1,0,0,1,-0.2860273659148092,0.001407639464119334,-0.42821964441790417,-0.006532302202526605,-0.20869450783401128,0.09100837045867774,23.142857142857142,1.5363025210084034,0.0,-1.8765056022408968,0.1416717656488387
2018-12-31,Outdoor,7833,12,0,1,0,0,1,0.0016610232337541386,0.15015095386344304,-0.07057083926709289,-0.005220601614490149,-0.15068612652369762,0.016790424450392843,24.185714285714287,2.1419712885154074,8.3,-1.3421918767507004,0.09296190716444955
2019-01-07,Outdoor,9582,1,0,1,0,0,1,0.20086130337510152,0.3822486938593208,0.13907800657684935,0.1618206760686228,0.05844560627333897,-0.02838637001134236,22.928571428571427,0.5614425770308132,7.6,-2.431344537815126,-0.21625994954782587
2019-01-14,Outdoor,8485,1,0,1,0,0,0,-0.12143686041546904,-0.20565686432388428,-0.6592398941897848,-0.04956539908737601,-0.08016742476664053,0.04441280611947718,24.685714285714287,2.1592156862745093,0.1,-3.082464985994398,-0.05854999087582501
2019-01-21,Outdoor,9471,1,0,1,0,0,0,0.10982400202450411,0.19096637661599947,0.19236108884709618,0.11630633860607356,0.14985846653092816,0.043165300029368595,24.957142857142856,2.147450980392157,10.3,-1.6234173669467786,-0.09570170982998176
2019-01-28,Outdoor,9081,1,0,1,0,0,0,-0.0420439799435123,0.14757004285561748,0.29608087280899203,0.026584835585763515,0.08287279987123393,-0.005647340927131881,24.814285714285713,1.930812324929972,20.9,-0.3061624649859942,0.008225036110650204
2019-02-04,Outdoor,7238,2,0,1,0,0,0,-0.22587165563188238,-0.27871578136554326,0.10636593577796497,-0.23385335177400354,-0.17787320851548358,-0.04821006001924917,24.042857142857144,1.5163025210084031,4.6,-3.1249299719887955,0.12806308824805435
2019-02-11,Outdoor,6817,2,0,1,0,0,0,-0.05990749770081854,-0.21801068905885648,-0.4189713667337662,-0.2277106767352028,-0.24750149458510948,-0.120280906519348,22.571428571428573,0.2165826330532217,0.5,-3.642072829131653,0.09034244830275953
2019-02-18,Outdoor,9952,2,0,1,0,0,0,0.3739041834451448,0.04952890392535613,0.23992794959172298,0.19888142524267896,0.18211217452159548,0.026499029678550487,21.942857142857143,-0.2675630252100823,41.1,2.359439775910364,-0.3675038715971844
2019-02-25,Outdoor,9049,2,0,1,0,0,0,-0.09504761906766811,-0.0035300602835013476,0.1440587437437811,0.08971767337709446,0.05584624252905637,0.1036785934561237,22.414285714285715,0.3796638655462168,4.4,-3.589803921568627,-0.26791976592484135
2019-03-04,Outdoor,8467,3,0,0,0,0,0,-0.06645352061503533,0.1565106454618726,-0.12355253769709815,0.024266329057877106,-0.028221900346039212,0.04721597815768077,22.957142857142856,1.239327731092436,7.2,-3.0069467787114843,-0.31028441161221326
2019-03-11,Outdoor,7169,3,0,0,0,0,0,-0.16602709567317783,0.050336043137988964,-0.16813591821439655,-0.17817376748478994,-0.17802907706600457,-0.10313825064084649,21.614285714285717,0.2262184873949582,126.6,13.95501400560224,-0.28852646295233497
2019-03-18,Outdoor,6750,3,0,0,0,0,0,-0.06020546588038424,-0.38342708856100005,-0.33549098878108763,-0.24780566895784428,-0.21846851394298913,-0.10427865700287507,21.442857142857143,0.4514285714285724,11.0,-2.6315966386554623,-0.4208732321575841
2019-03-25,Outdoor,6668,3,0,0,0,0,0,-0.012222386015444028,-0.302983991476237,-0.3064321155080176,-0.16393891766032764,-0.1896883518286405,-0.0800715798070382,19.857142857142858,-0.4196078431372539,39.4,2.038263305322129,-0.36007544359212307
2019-04-01,Outdoor,7315,4,0,0,0,0,0,0.09254092933691921,-0.14598908300733962,0.010582009127738731,0.007065197782323588,-0.05952084098206536,0.005103576072886919,19.17142857142857,-0.2668907563025208,9.0,-2.0034173669467785,-0.4818342929965291
2019-04-08,Outdoor,4595,4,0,0,0,0,0,-0.45675894932679273,-0.4376061819778677,-0.38941458299779474,-0.4114773931157006,-0.5139518305433284,-0.09188248706846396,18.485714285714288,-0.2035854341736711,6.5,-1.526778711484594,-0.04313027053573354
2019-04-15,Outdoor,4174,4,0,0,0,0,0,-0.09602004880372932,-0.4716220300948315,-0.8180658618057678,-0.4108127906314885,-0.5692769786043719,-0.1793600247257342,18.942857142857143,0.8749579831932763,1.6,-1.94,-0.016993512585628905
2019-04-22,Outdoor,4440,4,0,0,0,0,0,0.06175991136291818,-0.40115225042271324,-0.6833715348251858,-0.24644544896416884,-0.4161770356958479,-0.17630088164083405,18.47142857142857,0.9118207282913164,2.9,-2.0633053221288513,-0.05777845100144029
2019-04-29,Outdoor,5286,4,0,0,0,0,0,0.17396665145658,-0.3220378823842739,-0.4625899130967915,0.029759041996920033,-0.1587093969547999,0.05058663409859207,18.014285714285712,1.3909803921568638,24.3,1.4252100840336135,-0.3217304662939571
2019-05-06,Outdoor,3698,5,0,0,0,0,0,-0.3535172855037209,-0.21632697061932457,-0.6388146427137862,-0.22248920659976407,-0.44255791472964773,-0.013228772990391564,14.242857142857144,-1.4726610644257712,2.3,-1.6159663865546217,-0.13469305329236478
2019-05-13,Outdoor,4219,5,0,0,0,0,0,0.13161547767702975,0.010723219177119223,-0.46148227523342594,-0.04188662948619145,-0.23928631643260043,-0.05103439300926326,15.514285714285714,0.3395518207282911,1.0,-1.9445378151260504,-0.19529957628143876
2019-05-20,Outdoor,4394,5,0,0,0,0,0,0.040636238096775086,-0.010414305996308354,-0.4111371522080723,-0.003804763609469068,-0.1388009818945066,-0.04898561141430689,16.52857142857143,1.8339495798319336,0.5,-2.4384873949579826,-0.23310175340460276
2019-05-27,Outdoor,3959,5,0,0,0,0,0,-0.10415417115906353,-0.28707403200129106,-0.5953520320468277,-0.10534499318757079,-0.18480359123612022,0.023552544916399284,12.771428571428572,-1.2199999999999993,5.4,-2.2058263305322128,-0.035998962201346824
2019-06-03,Outdoor,3110,6,1,0,0,0,0,-0.24020363836366151,-0.1727379046010856,-0.38546388437017925,-0.26680591659883895,-0.3314610561928594,-0.09595712384718197,12.314285714285717,-1.0021848739495796,30.8,1.697254901960784,0.1727379046010856
2019-06-10,Outdoor,2625,6,1,0,0,0,0,-0.16913681983022846,-0.46580933202532665,-0.4556551093822299,-0.39584435235066767,-0.45246854754059024,-0.17478700318370183,14.37142857142857,1.412156862745098,15.2,0.0567507002801119,0.40158307152288886
2019-06-17,Outdoor,4670,6,1,0,0,1,0,0.5606578312110126,0.06090025134592865,0.05049395159298538,0.2802733690738845,0.16294448470695524,0.045892496270538326,11.357142857142858,-1.2268907563025218,17.0,0.7550140056022409,-0.2366792488495114
2019-06-24,Outdoor,3135,6,1,0,0,1,0,-0.39333750330877554,-0.2323089280211649,-0.5108655715792491,-0.13559318001986914,-0.2412649872856402,0.0626292281745263,13.55714285714286,1.363025210084034,13.2,-0.3127170868347338,0.0710659679846276
2019-07-01,Outdoor,3652,7,1,0,0,1,0,0.15235003614261494,0.16030755388714762,-0.01251700339673377,0.07588458835168727,-0.02012671836093427,0.04391420425672352,12.957142857142856,0.896582633053221,8.3,-1.1516526610644255,-0.052357967772781074
2019-07-08,Outdoor,4307,7,1,0,0,1,0,0.1645935005419021,0.4852854918391541,0.020642735012260143,0.20095810898547198,0.14612266680220073,-0.014514079037280412,12.3,0.284593837535014,0.4,-1.5316526610644257,0.060346755157226935
2019-07-15,Outdoor,3873,7,1,0,0,0,0,-0.10611244349329009,-0.18658546492204964,-0.12604327421234446,-0.017404653850869246,0.03721479723458551,0.0766753319502018,12.12857142857143,0.0194957983193282,0.0,-1.1345658263305325,0.25061160448414854
2019-07-22,Outdoor,2865,7,1,0,0,0,0,-0.2991984864355932,-0.08999997000000999,-0.320632965816833,-0.2654102954068807,-0.24539235753808117,-0.07606992554400906,12.928571428571429,0.4849859943977593,0.2,-1.5197759103641455,0.5519941325036939
2019-07-29,Outdoor,3360,7,1,0,0,0,0,0.1590360934823796,-0.0832857720234535,0.07727972881615801,-0.08934851921711079,-0.04924069184006623,-0.10687952603137098,12.071428571428571,-0.4925490196078423,14.2,0.3939495798319328,0.5358412660669767
2019-08-05,Outdoor,4172,8,1,0,0,0,0,0.2156133256470192,-0.03184337024569637,0.45520068995124613,0.1468497354775067,0.1580588958029463,0.039018909875568226,11.585714285714284,-1.0244257703081232,0.3,-1.413333333333333,0.4852958092770526
2019-08-12,Outdoor,6193,8,1,0,0,0,0,0.3899661572665398,0.46095758772946793,0.2804013107978807,0.5379846241515036,0.4903364265829397,0.2603013236163173,11.885714285714286,-1.0732212885154069,0.3,-1.8679551820728293,0.25553387166490854
2019-08-19,Outdoor,4583,8,1,0,0,0,0,-0.29881211974533783,0.46133177730081165,0.3752266454452849,0.09976516814267954,0.14971925953140305,0.12431721120445459,13.085714285714284,-0.3051540616246494,0.7,-2.1571988795518204,0.8220022076851037
2019-08-26,Outdoor,4372,8,1,0,0,0,0,-0.047124500921384496,0.2617692028532843,0.17946157042333738,-0.04581516464070518,0.057986776778976054,-0.020910968755493163,13.242857142857144,-0.7904761904761904,58.0,6.452773109243698,1.009888917125887
2019-09-02,Outdoor,8503,9,0,0,0,0,0,0.6417086381811824,0.6833923970978466,0.6551130905365978,0.5509636914477325,0.6741883380965571,0.1136357678515465,14.328571428571427,-0.4559103641456583,0.6,-1.2151820728291316,0.5181892982887379
2019-09-09,Outdoor,7661,9,0,0,0,0,0,-0.10418212024472652,0.2119243233832361,0.6568405311530204,0.25759274222779377,0.47106605714141947,0.21282690985677602,13.7,-1.6863865546218493,2.1,-1.1348459383753502,0.39917805956905417
2019-09-16,Outdoor,7858,9,0,0,0,0,0,0.0253882305060596,0.5264849246065549,0.9312690606604381,0.22326746147478044,0.4045976832111259,0.13546522005138834,16.442857142857143,0.5840161064425767,82.5,10.216698179271708,0.21175397260579476
2019-09-23,Outdoor,17418,9,0,0,0,0,0,0.7564487453355954,1.1974299038614131,1.3531618680179163,0.8418411403062313,0.9959041530886638,0.260057889955802,14.742857142857144,-1.624432773109244,3.3,-1.314418767507003,-0.531563354617265
2019-09-30,Outdoor,14596,9,0,0,0,0,0,-0.17629785866821648,0.5275552597467198,1.1108268210968861,0.33947745315936423,0.6309764651456478,0.2555277171205084,17.24285714285714,0.2431372549019606,13.4,-0.2032107843137253,-0.403359005184637
2019-10-07,Outdoor,11336,10,0,0,0,0,0,-0.25142678918503863,0.3869031545082745,0.5867989518171086,-0.04713760805042298,0.24098050400509005,0.05945945481491522,14.742857142857144,-2.6964285714285716,17.7,0.2916071428571428,-0.20834751781546604
2019-10-14,Outdoor,8513,10,0,0,0,0,0,-0.28444755056198795,0.08001953698374724,0.6001831704057468,-0.40243955876710685,-0.11386750890127367,-0.23118599146320185,17.114285714285714,-0.6860714285714291,2.0,-1.6616071428571428,-0.15965496262462953
2019-10-21,Outdoor,9308,10,0,0,0,0,0,0.08922057244592643,-0.6068996028661526,0.7216373213980524,-0.32843590967520875,-0.07488316907122688,-0.1708408410083113,19.514285714285712,1.311666666666667,0.0,-1.9167261904761903,0.28502991386182275
2019-10-28,Outdoor,12489,10,0,0,0,0,0,0.29187500189246207,-0.15558426024853164,0.37976368333044175,0.1323885532968186,0.15903404800224322,0.04085866197390735,19.82857142857143,1.3670238095238092,12.6,-0.8430952380952379,-0.020846534902722275
2019-11-04,Outdoor,7293,11,0,0,0,0,0,-0.5253260008769588,-0.43405438466322566,-0.0492175940594364,-0.35228327800465664,-0.4180364642219625,-0.005095337595900673,18.557142857142857,-0.3161904761904758,9.4,-1.4295238095238094,0.4455969117690052
2019-11-11,Outdoor,7809,11,0,0,1,0,0,0.06833531077535283,-0.08626392767259801,-0.0062551852613537675,-0.18498232862391045,-0.3482082879680294,-0.10507600692961812,19.585714285714285,0.3611904761904745,2.5,-2.180595238095238,-0.007412008215932661
2019-11-18,Outdoor,6661,11,0,0,1,0,0,-0.1586730948620463,-0.3315172732773156,-0.8934755684641748,-0.3227735142787071,-0.4994578810888694,-0.19815482913058188,20.314285714285713,0.4889880952380946,6.1000000000000005,-1.8120238095238097,0.16778982701281434
2019-11-25,Outdoor,22736,11,0,0,1,0,0,1.0936489373984462,0.5818026639146819,0.43608697974461696,0.9056518798906112,0.7994289465631504,0.406130438335204,21.014285714285712,0.4947619047619044,7.4,-1.6501785714285713,-0.8399291658210158
2019-12-02,Outdoor,7297,12,0,1,1,0,0,-1.0281356489104885,0.000548320692485169,-0.4335318592248313,-0.4155685083590312,-0.3842901298175208,0.13067881889501207,21.52857142857143,0.6311904761904776,0.8999999999999999,-2.3863095238095235,0.060297269526092295
2019-12-09,Outdoor,4390,12,0,1,0,0,0,-0.49747574270972145,-0.5605376570968674,-0.6390760847746904,-0.8682466695781165,-0.8016309280697554,-0.2166487959644831,21.085714285714285,-0.1081547619047625,5.7,-1.3264880952380955,0.47450256719614853
2019-12-16,Outdoor,11567,12,0,1,0,0,1,0.8995424077781027,0.5382926773872418,0.21643111698863549,0.11869217705905513,0.17069064015710717,-0.3167123012209351,21.8,0.4222619047619034,0.1,-2.192559523809524,-0.5858637893516386
2019-12-23,Outdoor,7686,12,0,1,0,0,1,-0.40315790753047237,-0.9894154894868523,-0.4761337817959076,-0.39737270077173603,-0.2646440116114853,0.10787328922129413,22.842857142857145,1.274236694677871,7.0,-0.8954411764705883,-0.20703514615432214
2019-12-30,Outdoor,8609,12,0,1,0,0,1,0.11328627023181709,0.1649691732718253,0.16551375103587584,0.10695054981026067,-0.09101176309367817,0.10884284895909106,24.6,2.643298319327733,2.8,-2.033669467787115,-0.2631936035410515
2020-01-06,Outdoor,6957,1,0,1,0,0,1,-0.21225745698863457,0.4524543134829799,-0.11540022817279856,-0.14727028664843053,-0.31868949634824945,-0.1482753498635402,22.514285714285712,0.1506022408963586,17.8,-0.8530252100840336,-0.051405535963406385
2020-01-13,Outdoor,5797,1,0,1,0,0,0,-0.18190368795614115,-0.6645933351078859,-0.13870603006806387,-0.4010205111768564,-0.48294467793231177,-0.10078142438205476,21.714285714285715,-0.7705322128851547,61.10000000000001,5.572268907563026,0.08884858009584108
2020-01-20,Outdoor,6223,1,0,1,0,0,0,0.07088185176674679,-0.2103673577730451,-1.1404398535557267,-0.15413134289222033,-0.40465293676288033,-0.12061188710042983,25.014285714285712,2.243193277310925,14.5,-1.0621288515406164,0.02731474933592662
2020-01-27,Outdoor,6712,1,0,1,0,0,0,0.07560880160667931,-0.24763393412519624,-0.08351772667317772,-0.027115401827475207,-0.08607936610228067,-0.004811397125400574,25.5,2.5866666666666656,10.0,-1.6726050420168066,0.03713992730809661
2020-02-03,Outdoor,6885,2,0,1,0,0,0,0.025446785990029273,-0.01040311943315714,0.44257198357924904,0.06954854390673597,-0.05062775227573604,0.05860170065164509,21.5,-1.0746218487394954,216.7,27.102072829131657,-0.0025692606002481575
2020-02-10,Outdoor,6228,2,0,1,0,0,0,-0.10020588725602268,0.07168397976150025,-0.6000561281195698,-0.027904763141203957,-0.19249044912164714,0.002886977443645824,22.685714285714287,0.3229691876750706,44.0,2.50952380952381,-0.03296882112472317
2020-02-17,Outdoor,5895,2,0,1,0,0,0,-0.05493688774447121,-0.05413433666705122,-0.2637507895220102,-0.09945996623519525,-0.15523629205061099,-0.048335917832672416,21.67142857142857,-0.556638655462183,11.9,-1.7234173669467787,-0.1826596391250283
2020-02-24,Outdoor,7063,2,0,1,0,0,0,0.18027470593074457,0.050961880078129934,-0.1972945128516446,0.09382641461107023,0.058246052891932916,0.00308388583730779,22.114285714285717,0.0412324929971974,2.9,-3.7517086834733897,-0.3406793138890946
2020-03-02,Outdoor,7940,3,0,0,0,0,0,0.11690993575819025,0.14232713088335502,0.13197286272768172,0.1967456628112033,0.2040249543338023,0.09295877122188721,21.25714285714286,-0.513557422969188,74.3,6.5457142857142845,-0.3733963821054105
2020-03-09,Outdoor,5599,3,0,0,0,0,0,-0.3458157403330024,-0.10636676987118121,-0.034749028650574124,-0.1910261797138759,-0.16303888236405273,-0.00016605650963421337,18.485714285714288,-2.944145658263306,23.3,-0.7907002801120447,-0.14493676191991542
2020-03-16,Outdoor,4539,3,0,0,0,0,0,-0.20911418245922617,-0.25991944414041707,-0.3129529245580887,-0.37359185298334213,-0.36537351198019075,-0.15771844274795094,20.5,-0.5689635854341734,9.4,-2.844313725490196,-0.1253316391450822
2020-03-23,Outdoor,4587,3,0,0,0,0,0,0.010519392829412047,-0.42506430470999057,-0.376139414790793,-0.3124007795257137,-0.32356059279133037,-0.19623204125620297,19.271428571428572,-1.1170868347338931,23.1,-0.3578711484593837,-0.39989525639293944
2020-03-30,Outdoor,5895,3,0,0,0,0,0,0.24957064499701487,-0.29562699015150123,-0.15492955321916224,0.0395718387593316,-0.03286893586903548,0.018157125478733965,20.057142857142857,0.4836974789915967,27.0,0.4191596638655462,-0.6622006633597779
2020-04-06,Outdoor,5843,4,0,0,0,0,0,-0.008860110945627714,0.042649878928530165,-0.0637892363865071,0.1251136342764804,-0.021208589910705487,0.10007666793008656,17.17142857142857,-1.600840336134454,44.3,3.8327170868347338,-0.685819194249783
2020-04-13,Outdoor,2789,4,0,0,0,0,0,-0.7075994653384,-0.47761995698145276,-0.7153383889133144,-0.6063708666156485,-0.7190445150242958,-0.11396879481661734,17.52857142857143,-0.6134453781512619,1.7,-1.9510364145658263,0.16008790761256486
2020-04-20,Outdoor,3379,4,0,0,0,0,0,0.19130992499678176,-0.3032889020113226,-0.7056118165845975,-0.34311974425504277,-0.48320159732874773,-0.23683676156891295,17.52857142857143,-0.1197759103641458,0.0,-2.4468907563025213,0.07061284622777518
2020-04-27,Outdoor,3007,4,0,0,0,0,0,-0.11650481788135988,-0.6488428108643426,-0.9012513197677318,-0.39273056919073446,-0.5110865709783041,-0.21089353818257087,16.428571428571427,-0.3411204481792713,18.4,0.5345098039215687,0.2293536789772769
2020-05-04,Outdoor,2501,5,0,0,0,0,0,-0.1837326856453574,-0.801054458040638,-0.7649380827313376,-0.40076719662147015,-0.561765284328711,-0.042343253736466836,15.5,-0.3475070028011208,0.9,-1.863249299719888,0.31639168078368196
2020-05-11,Outdoor,3069,5,0,0,0,0,0,0.20394965746870466,0.09559573383552958,-0.3864352296437356,0.05010018366727332,-0.27982896943068186,-0.04804280761364759,12.985714285714286,-2.231932773109244,8.0,-0.8209523809523809,0.09733412977863304
2020-05-18,Outdoor,4253,5,0,0,0,0,0,0.3234088163319267,0.22903557939319197,-0.07556559376344033,0.34907474480123035,0.09076103093716018,0.13424781473178013,14.5,-0.2714845938375355,61.5,6.296190476190476,-0.3446500634951817
2020-05-25,Outdoor,3557,5,0,0,0,0,0,-0.17823298892881204,0.16758069238857634,-0.494710009583155,0.10333354916592528,-0.07703741666781547,0.13010459488651865,14.171428571428573,0.0551260504201686,27.8,1.0065546218487396,-0.20145437058506246
2020-06-01,Outdoor,3548,6,1,0,0,0,0,-0.0025334264508299928,0.3461728066877809,-0.4887657355413192,0.058900316581947894,-0.0004931138760554045,0.020544806114977124,11.685714285714283,-1.6943417366946771,5.3,-1.95484593837535,-0.25963265270162855
2020-06-08,Outdoor,3218,6,1,0,0,0,0,-0.09754652747663982,0.04739938049964037,0.1428333135231185,-0.11392355355916228,-0.013848434401702114,-0.08545551990792555,13.94285714285714,0.9328851540616244,33.099999999999994,2.4538375350140056,-0.2005925915457288
2020-06-15,Outdoor,3383,6,1,0,0,1,0,0.04999241024317217,-0.22786793403144734,0.0011830815785029345,-0.07428487995307244,0.01985222185171375,-0.024865015361151443,12.714285714285714,0.0647058823529412,7.9,-0.54593837535014,-0.22261147902168762
2020-06-22,Outdoor,2407,6,1,0,0,1,0,-0.3371328714566938,-0.3856470873081531,-0.22164749846786164,-0.34953275065303824,-0.31795935780595463,-0.1037909831822292,11.142857142857142,-1.073165266106443,2.7,-1.7039775910364146,0.07234380445389565
2020-06-29,Outdoor,2928,6,1,0,0,1,0,0.19531389116630132,-0.19147616075473725,0.1573033128372397,-0.0695565948387688,-0.10178278710444502,-0.06186325004582783,12.1,0.0189915966386554,6.7,-1.413389355742297,-0.13087508125110747
2020-07-06,Outdoor,2863,7,1,0,0,1,0,-0.022448619427173397,-0.11675707391643679,-0.06945378642825811,-0.04138873220840355,-0.1404184901314096,-0.03588635320391927,11.585714285714284,-0.4400560224089643,12.3,0.0291876750700281,-0.16716072648934838
2020-07-13,Outdoor,2103,7,1,0,0,0,0,-0.3060812299310391,-0.46664219225585407,-0.6765259041768709,-0.31701082698511396,-0.43428475492529073,-0.03793804953381256,12.242857142857144,0.1726610644257708,20.2,1.7710364145658262,0.2968210986754004
2020-07-20,Outdoor,3150,7,1,0,0,0,0,0.39862920288246606,0.26741037703423537,-0.12136570109864288,0.20077718849755433,0.04848902034620429,-0.0034045623308359887,11.385714285714286,-1.013893557422969,79.3,9.83439775910364,0.4302324509387581
2020-07-27,Outdoor,2510,7,1,0,0,0,0,-0.22614832998292225,-0.1537329335296309,-0.3426872424274538,-0.09523805910147634,-0.1611721021347611,-0.0004517220208087768,12.714285714285714,0.1552941176470597,36.4,3.542633053221288,0.9218211078562912
2020-08-03,Outdoor,2045,8,1,0,0,0,0,-0.2041711507481226,-0.3333331975007345,-0.44575320320987905,-0.2601296351676549,-0.31868852836399836,-0.03319737634691023,11.028571428571428,-1.5666666666666669,44.5,4.878431372549019,1.2273540705857995
2020-08-10,Outdoor,2709,8,1,0,0,0,0,0.2793435930401375,0.2518702195053119,-0.22127372906312243,0.09959306351751074,0.013144139469444937,-0.06867675487737492,13.385714285714286,0.5062745098039214,20.0,1.065770308123249,1.02275646666049
2020-08-17,Outdoor,3754,8,1,0,0,0,0,0.3233791355781725,0.1749709805993683,0.43726653554080974,0.36193460890771245,0.3671940040770082,0.15959333469111095,12.485714285714286,-0.8611764705882349,1.9,-2.012717086834734,0.7570049655221281
2020-08-24,Outdoor,8167,8,1,0,0,0,0,0.7403740054737009,1.0596607549572437,0.9443891943417405,0.9911640358624665,0.9902741956979892,0.46563107271218634,11.55714285714286,-2.3607843137254902,0.1,-1.917422969187675,-0.061592823224432255
2018-11-19,Trousers,43047,11,0,0,1,0,0,0.5444120832706668,0.16387261759186122,0.04846711044964464,0.42397110109815234,0.3391135924166795,0.1675506805695534,19.185714285714287,-0.7561309523809528,4.4,-2.1067261904761905,-0.5078113473659441
2018-11-26,Trousers,22122,11,0,0,1,0,0,-0.6421764752512245,-0.18642399629349088,-0.12965271798724534,-0.28977299060608264,-0.328589933683624,0.04351596497670525,18.87142857142857,-1.7311309523809524,68.0,7.027380952380953,0.19663733446673679
2018-12-03,Trousers,21504,12,0,1,1,0,0,-0.02833172748674059,-0.11513092516134873,-0.46826695390458883,-0.27918095130864146,-0.34395920952395914,-0.10886350788907326,20.542857142857144,-0.3702380952380935,2.0,-2.148214285714286,0.22305466644864347
2018-12-10,Trousers,21213,12,0,1,0,0,0,-0.013624551648076801,-0.14891249159394876,-0.39696212510533796,-0.2696595879843758,-0.30317209136169615,-0.24514764676982595,21.97142857142857,0.7328571428571428,21.3,0.8706547619047618,0.22892923277273083
2018-12-17,Trousers,30730,12,0,1,0,0,1,0.3664401221939387,-0.33389808927177606,-0.17238353859424185,0.13027390517494675,0.1116646585925216,0.10686728512939188,21.185714285714287,-0.2119642857142868,16.5,0.1732142857142856,-0.11659768974483203
2018-12-24,Trousers,24898,12,0,1,0,0,1,-0.20967857159421258,0.11807740884400643,-0.06872478790238955,0.04122749765670405,-0.07191688551166751,0.08012201616261043,23.142857142857142,1.5363025210084034,0.0,-1.8765056022408968,0.05862286076103706
2018-12-31,Trousers,25211,12,0,1,0,0,1,0.012492765271996437,0.15870704661427606,0.04377609161460453,0.025091746026467486,-0.05113066555361606,0.02415239195106829,24.185714285714287,2.1419712885154074,8.3,-1.3421918767507004,0.10304546178418533
2019-01-07,Trousers,30599,1,0,1,0,0,1,0.19308366984111558,0.36230987561530625,0.21631506686047744,0.1812802900883843,0.13725408399546574,-0.0002871551791255724,22.928571428571427,0.5614425770308132,7.6,-2.431344537815126,-0.09051210940776767
2019-01-14,Trousers,24281,1,0,1,0,0,0,-0.23024780502012374,-0.23446218994520404,-0.5574500784977995,-0.13726373405457432,-0.12126545815420935,0.01347569694060515,24.685714285714287,2.1592156862745093,0.1,-3.082464985994398,0.21893222664893966
2019-01-21,Trousers,27153,1,0,1,0,0,0,0.11167709640793652,0.08664578637698464,0.2042009049537938,0.033923060887428025,0.07978323317775364,-0.0018350676276504697,24.957142857142856,2.147450980392157,10.3,-1.6234173669467786,0.1405238780851266
2019-01-28,Trousers,27771,1,0,1,0,0,0,0.02250382264569869,0.09663658991217433,0.25436833061924585,0.03517643050176137,0.07751596995430696,-0.020443698938337578,24.814285714285713,1.930812324929972,20.9,-0.3061624649859942,0.16490178365844138
2019-02-04,Trousers,28926,2,0,1,0,0,0,0.0407428950123324,-0.0562116738778102,0.3076646798833371,0.052326301423406656,0.08821830464126824,0.05383469851070637,24.042857142857144,1.5163025210084031,4.6,-3.1249299719887955,0.09277024716413651
2019-02-11,Trousers,27151,2,0,1,0,0,0,-0.0633058093940186,0.11160366652653342,-0.12366752047588948,0.004364777101445467,-0.010811008425406707,0.00414050308950353,22.571428571428573,0.2165826330532217,0.5,-3.642072829131653,0.14735333251383181
2019-02-18,Trousers,34674,2,0,1,0,0,0,0.2433643269433295,0.24329175786333615,0.32820787187914213,0.22182884946703085,0.2489024650626909,0.06390037076997099,21.942857142857143,-0.2675630252100823,41.1,2.359439775910364,-0.05929107884156481
2019-02-25,Trousers,31946,2,0,1,0,0,0,-0.08189732567104997,0.13982617546674564,0.23566666425226432,0.07520726006813443,0.12383084930361539,0.05406162973628917,22.414285714285715,0.3796638655462168,4.4,-3.589803921568627,0.10995577186600093
2019-03-04,Trousers,31666,3,0,0,0,0,0,-0.008803370156468272,0.09044097932265054,0.03427286487519907,0.03181732406214848,0.08573798317554586,0.03449380854153687,22.957142857142856,1.239327731092436,7.2,-3.0069467787114843,0.11159702287211194
2019-03-11,Trousers,31608,3,0,0,0,0,0,-0.0018332963987326106,0.15170441458484948,0.2621982765052774,0.007900932376721792,0.07933688312160768,-0.02918687455350162,21.614285714285717,0.2262184873949582,126.6,13.95501400560224,0.0745711753847749
2019-03-18,Trousers,31136,3,0,0,0,0,0,-0.015045262812531468,-0.10752164997654917,0.13666385984786633,-0.042053465534127275,0.03344197546634963,-0.007876159173251632,21.442857142857143,0.4514285714285724,11.0,-2.6315966386554623,0.024031138178060817
2019-03-25,Trousers,35288,3,0,0,0,0,0,0.12501505103531704,0.09941398401362454,0.23841163867452264,0.11062098746591542,0.1419851165787871,0.03205600604308443,19.857142857142858,-0.4196078431372539,39.4,2.038263305322129,-0.06344472521577858
2019-04-01,Trousers,40565,4,0,0,0,0,0,0.13913753868304382,0.2464038917804297,0.3349786206853083,0.22305947504615117,0.2500368269145555,0.0895344029225913,19.17142857142857,-0.2668907563025208,9.0,-2.0034173669467785,-0.2654839176010224
2019-04-08,Trousers,30373,4,0,0,0,0,0,-0.2873495083777522,-0.039850920770851686,0.11202280397667742,-0.1315318946504652,-0.0830345247534557,0.008701096119709916,18.485714285714288,-0.2035854341736711,6.5,-1.526778711484594,-0.021531139568673703
2019-04-15,Trousers,31231,4,0,0,0,0,0,0.027855333164881074,0.0030464828179491456,-0.10448372340539494,-0.09484303104723757,-0.06732881378356961,-0.06507634925609182,18.942857142857143,0.8749579831932763,1.6,-1.94,-0.08879723256725335
2019-04-22,Trousers,34076,4,0,0,0,0,0,0.08712695156332548,-0.03494608053324259,0.06452394460864729,-0.008423405571329574,0.032791407262835505,-0.054633929916432296,18.47142857142857,0.9118207282913164,2.9,-2.0633053221288513,-0.10640401879984286
2019-04-29,Trousers,34047,4,0,0,0,0,0,-0.0008514011170558808,-0.17471719898361662,0.07246663301122662,-0.0004184514968905677,0.023900326047556902,0.04275748170365496,18.014285714285712,1.3909803921568638,24.3,1.4252100840336135,-0.14089436671225747
2019-05-06,Trousers,25050,5,0,0,0,0,0,-0.30448245073413366,-0.19208631102299367,-0.2314942203574351,-0.2568380309632873,-0.2898251324079797,-0.05971511978022845,14.242857142857144,-1.4726610644257712,2.3,-1.6159663865546217,0.07652930343501518
2019-05-13,Trousers,30081,5,0,0,0,0,0,0.1825107405085799,-0.03751304679302431,-0.0344675487375223,-0.033343139049290996,-0.08406612605329863,-0.0680935282232293,15.514285714285714,0.3395518207282911,1.0,-1.9445378151260504,0.048726166436800285
2019-05-20,Trousers,30596,5,0,0,0,0,0,0.01697513005009707,-0.10761998677573024,-0.14243214915815225,-0.007083594327145008,-0.06308075902403039,-0.017773472781289268,16.52857142857143,1.8339495798319336,0.5,-2.4384873949579826,0.13705969686547642
2019-05-27,Trousers,31223,5,0,0,0,0,0,0.020285024983095003,-0.08653286083858247,-0.2602663325272655,0.04183662488987845,-0.02465386643720606,0.06510132312607693,12.771428571428572,-1.2199999999999993,5.4,-2.2058263305322128,0.18533352813711768
2019-06-03,Trousers,26878,6,1,0,0,0,0,-0.14956712794729426,0.07040517368644378,-0.12209393295858821,-0.08409440942005651,-0.1371147080170168,-0.03024802471002982,12.314285714285717,-1.0021848739495796,30.8,1.697254901960784,0.18847831678787116
2019-06-10,Trousers,23029,6,1,0,0,0,0,-0.1542468930511995,-0.2655620310464308,-0.3023221414551367,-0.2528473924209359,-0.2758449549768625,-0.09682974072893574,14.37142857142857,1.412156862745098,15.2,0.0567507002801119,0.25633647215217126
2019-06-17,Trousers,44843,6,1,0,0,1,0,0.6427981894507842,0.37770913247235166,0.27286204151441246,0.4647644308167166,0.41690750808368854,0.1175204173109977,11.357142857142858,-1.2268907563025218,17.0,0.7550140056022409,-0.38658830327295796
2019-06-24,Trousers,37422,6,1,0,0,1,0,-0.1804169408517124,0.1806103815103684,0.09444654061350963,0.172059154626613,0.19675925773055233,0.16174680986148915,13.55714285714286,1.363025210084034,13.2,-0.3127170868347338,-0.24542103658401515
2019-07-01,Trousers,30537,7,1,0,0,1,0,-0.20262216328603533,0.12745797692387087,0.1974202530296561,-0.07882981821862793,-0.01956150705287583,0.04447585471723376,12.957142857142856,0.896582633053221,8.3,-1.1516526610644255,-0.07951604577849751
2019-07-08,Trousers,29454,7,1,0,0,1,0,-0.03610541460867748,0.24484117733966512,-0.02106323940326734,-0.14204780211718485,-0.0774190627901277,-0.14917331714167958,12.3,0.284593837535014,0.4,-1.5316526610644257,-0.06059687184186024
2019-07-15,Trousers,29409,7,1,0,0,0,0,-0.0015289740064565514,-0.41571943070302675,-0.03956336840052101,-0.1894633096990039,-0.07648378710497902,-0.07923546137939931,12.12857142857143,0.0194957983193282,0.0,-1.1345658263305325,-0.0513255697373653
2019-07-22,Trousers,32083,7,1,0,0,0,0,0.08697066002176998,-0.15362923088614544,0.027169619714731,0.011835988874609408,0.015188660435837689,0.015123103146181534,12.928571428571429,0.4849859943977593,0.2,-1.5197759103641455,-0.16511263769317033
2019-07-29,Trousers,26233,7,1,0,0,0,0,-0.20063103777244537,-0.15162937637381094,-0.0242887528275215,-0.14620055575114527,-0.18895017674959855,-0.02385751631751385,12.071428571428571,-0.4925490196078423,14.2,0.3939495798319328,0.003424918052176039
2019-08-05,Trousers,26289,8,1,0,0,0,0,0.0021324396583359486,-0.1135568550829035,0.13220324700096325,-0.10815210891125161,-0.18431241566556594,-0.053361865968675516,11.585714285714284,-1.0244257703081232,0.3,-1.413333333333333,-0.0002028937647106236
2019-08-12,Trousers,30643,8,1,0,0,0,0,0.15295439636919847,0.0410977139446575,-0.3762286946922954,0.07234578301857987,-0.04437849619265529,-0.014799388629758874,11.885714285714286,-1.0732212885154069,0.3,-1.8679551820728293,-0.14366663054985662
2019-08-19,Trousers,26880,8,1,0,0,0,0,-0.13083461812372033,-0.17648355149895523,-0.32789025760037765,-0.06938159630174545,-0.11826474613936265,0.022881547625733023,13.085714285714284,-0.3051540616246494,0.7,-2.1571988795518204,0.18017692114403816
2019-08-26,Trousers,24046,8,1,0,0,0,0,-0.11129874283082343,-0.08699456683726539,-0.23783961167984127,-0.13442337849969196,-0.1847622932129657,-0.038910417811922636,13.242857142857144,-0.7904761904761904,58.0,6.452773109243698,0.3568121514713538
2019-09-02,Trousers,28043,9,0,0,0,0,0,0.15346809677789564,0.06456599924295077,-0.049080819900835876,0.03921283318773501,-0.003084242437157158,-0.038805968733132676,14.328571428571427,-0.4559103641456583,0.6,-1.2151820728291316,0.23154375793921564
2019-09-09,Trousers,26762,9,0,0,0,0,0,-0.04674755782328044,-0.13521469784113935,-0.0942479181695922,-0.0236684196928489,-0.043543617417680903,0.013782144734008043,13.7,-1.6863865546218493,2.1,-1.1348459383753502,0.04461871777373832
2019-09-16,Trousers,24802,9,0,0,0,0,0,-0.07602202792560593,-0.08041484151484689,-0.25599014657677255,-0.06365796403191334,-0.10759784517801708,0.003808862114599229,16.442857142857143,0.5840161064425767,82.5,10.216698179271708,-0.014825645735061812
2019-09-23,Trousers,45044,9,0,0,0,0,0,0.5796180001827449,0.6078448224679456,0.5278280363138731,0.5392190216160007,0.5109450253895647,0.15737699152427193,14.742857142857144,-1.624432773109244,3.3,-1.314418767507003,-0.6022328282548036
2019-09-30,Trousers,33621,9,0,0,0,0,0,-0.29042139984945275,0.18091592563194325,0.24476714255492762,0.07589094253139275,0.1454064646504158,0.1253760644594962,17.24285714285714,0.2431372549019606,13.4,-0.2032107843137253,-0.37386145682901023
2019-10-07,Trousers,27494,10,0,0,0,0,0,-0.20050723388669775,0.02698318980451232,-0.10833031947536613,-0.16863095543786497,-0.08651284081270169,-0.010222890472037149,14.742857142857144,-2.6964285714285716,17.7,0.2916071428571428,-0.23877314628052612
2019-10-14,Trousers,22835,10,0,0,0,0,0,-0.18514175981474856,-0.08258286279224708,-0.1627275404715864,-0.35646262116814154,-0.25758514130327664,-0.22560428467667384,17.114285714285714,-0.6860714285714291,2.0,-1.6616071428571428,-0.21713378452648474
2019-10-21,Trousers,22982,10,0,0,0,0,0,0.006416831900088094,-0.6486343266211647,-0.04524963658885615,-0.3355573338804706,-0.2342888196516685,-0.13681965597502518,19.514285714285712,1.311666666666667,0.0,-1.9167261904761903,0.2189328391935196
2019-10-28,Trousers,26768,10,0,0,0,0,0,0.1522009989064925,-0.22696185639895158,-0.04652350635735504,0.0013083867102152591,-0.0782496881454455,-0.008117586781739138,19.82857142857143,1.3670238095238092,12.6,-0.8430952380952379,0.1098269938863013
2019-11-04,Trousers,19343,11,0,0,0,0,0,-0.3220489548242738,-0.348058144285153,-0.3218305900951918,-0.25592415907831867,-0.39248723216657566,-0.02910973678923797,18.557142857142857,-0.3161904761904758,9.4,-1.4295238095238094,0.4537351431418065
2019-11-11,Trousers,18777,11,0,0,1,0,0,-0.029695696238420975,-0.1950398829645351,-0.27650931519725946,-0.2013937018897147,-0.38955788254532603,-0.09122567013881104,19.585714285714285,0.3611904761904745,2.5,-2.180595238095238,0.21917677261111662
2019-11-18,Trousers,16967,11,0,0,1,0,0,-0.10127573291877054,-0.30113393070495226,-0.9055489862911745,-0.2568672895829,-0.4601701436111109,-0.14644920181055782,20.314285714285713,0.4889880952380946,6.1000000000000005,-1.8120238095238097,0.274132831139618
2019-11-25,Trousers,50152,11,0,0,1,0,0,0.9888406862783807,0.6080083045239651,0.3946617551081672,0.8408393073545405,0.7200946240586676,0.34442363213547694,21.014285714285712,0.4947619047619044,7.4,-1.6501785714285713,-0.7281356471751284
2019-12-02,Trousers,22517,12,0,1,1,0,0,-0.7605718873089795,0.15164834440285024,-0.19903620407365563,-0.15535540844494428,-0.13066150022938144,0.16383643423440228,21.52857142857143,0.6311904761904776,0.8999999999999999,-2.3863095238095235,-0.04664338577474893
2019-12-09,Trousers,19416,12,0,1,0,0,0,-0.14790259948476858,0.033461627342097906,-0.1618423155976277,-0.33049757549841946,-0.2531173533541645,-0.07441587226585954,21.085714285714285,-0.1081547619047625,5.7,-1.3264880952380955,0.1287436389358223
2019-12-16,Trousers,28264,12,0,1,0,0,1,0.37114092402932364,0.49952464020142645,0.2061429104264563,0.03605453073083254,0.13800308673050066,-0.22855195378268392,21.8,0.4222619047619034,0.1,-2.192559523809524,-0.2400485999016479
2019-12-23,Trousers,19391,12,0,1,0,0,1,-0.3723848338103102,-0.8846612632569415,-0.319634293653056,-0.43236167680297194,-0.263486045985871,-0.0023663882499270357,22.842857142857145,1.274236694677871,7.0,-0.8954411764705883,0.17030075862548028
2019-12-30,Trousers,22488,12,0,1,0,0,1,0.14790228286719917,-0.0012887456376515659,0.1503669455491408,0.00405480654763032,-0.07964646299787471,0.0015319509359438337,24.6,2.643298319327733,2.8,-2.033669467787115,0.08514986013496849
2020-01-06,Trousers,22593,1,0,1,0,0,1,0.004658281552836824,0.15125329566267726,0.18448149942076386,0.009036797037228848,-0.09098110073063295,-0.06002415200033869,22.514285714285712,0.1506022408963586,17.8,-0.8530252100840336,0.068630451207247
2020-01-13,Trousers,21182,1,0,1,0,0,0,-0.06446601647214088,-0.28645389772867785,0.2209756365317237,-0.09024928592844583,-0.17418193213382327,0.025581991473509955,21.714285714285715,-0.7705322128851547,61.10000000000001,5.572268907563026,0.0954578788513039
2020-01-20,Trousers,22844,1,0,1,0,0,0,0.07550083698265403,0.16351366575050713,-0.7482053606168733,0.06464440763059785,-0.11961774918937637,-0.0015397218382520535,25.014285714285712,2.243193277310925,14.5,-1.0621288515406164,0.020564957805804546
2020-01-27,Trousers,24976,1,0,1,0,0,0,0.08916770852498082,0.10483734599539246,0.10355209805436177,0.11424731410352565,0.11156053773690405,0.03847808118442775,25.5,2.5866666666666656,10.0,-1.6726050420168066,0.04526303254778584
2020-02-03,Trousers,25644,2,0,1,0,0,0,0.02639272910340857,0.1265003990090429,0.2764314124974961,0.1131064839504773,0.12424347023371234,0.06558332880065369,21.5,-1.0746218487394954,216.7,27.102072829131657,0.04572473534046886
2020-02-10,Trousers,21976,2,0,1,0,0,0,-0.15405291247152825,0.03679503050210712,-0.2503184613726727,-0.0738646913672006,-0.0637352321931669,-0.008113997983487317,22.685714285714287,0.3229691876750706,44.0,2.50952380952381,0.12820202879462136
2020-02-17,Trousers,22296,2,0,1,0,0,0,0.014456088974697823,-0.02428001664687565,0.13937197978401036,-0.06777016778879592,-0.015167110173888302,-0.04935294653488409,21.67142857142857,-0.556638655462183,11.9,-1.7234173669467787,0.024017369432473547
2020-02-24,Trousers,25684,2,0,1,0,0,0,0.14122550474258005,0.027951045086812273,0.13269118439378957,0.07938146095162787,0.11026751217862127,0.0018410041070707536,22.114285714285717,0.0412324929971974,2.9,-3.7517086834733897,0.007151308748340782
2020-03-02,Trousers,30418,3,0,0,0,0,0,0.16876403091640116,0.1703114348288882,0.2952217352918551,0.23999409993025886,0.26083118097710334,0.11442803457357337,21.25714285714286,-0.513557422969188,74.3,6.5457142857142845,0.03184496907128819
2020-03-09,Trousers,24430,3,0,0,0,0,0,-0.21834888351995027,0.10576218136610863,0.14241865551088945,-0.026795358696563906,0.002151308624645449,0.04331893868133417,18.485714285714288,-2.944145658263306,23.3,-0.7907002801120447,0.23035131364174888
2020-03-16,Trousers,20111,3,0,0,0,0,0,-0.19393367037409712,-0.10304902006512981,-0.1272494411710189,-0.24427079993579817,-0.20815466446203146,-0.09024770365558656,20.5,-0.5689635854341734,9.4,-2.844313725490196,0.38985333569661457
2020-03-23,Trousers,23973,3,0,0,0,0,0,0.175210952943882,-0.06891273863049566,-0.040981427976815546,-0.04834762059286659,-0.01936904641934751,-0.09563740364543735,19.271428571428572,-1.1170868347338931,23.1,-0.3578711484593837,0.0654844735425579
2020-03-30,Trousers,33521,3,0,0,0,0,0,0.3321389942554355,0.0970612584788233,0.266272280359257,0.30171317671874287,0.3182882967525119,0.1220561524160864,20.057142857142857,0.4836974789915967,27.0,0.4191596638655462,-0.2665404419845011
2020-04-06,Trousers,36713,4,0,0,0,0,0,0.09089614457681054,0.401779421952491,0.5022065292573896,0.3601393287672131,0.36804114004539645,0.20768032303992984,17.17142857142857,-1.600840336134454,44.3,3.8327170868347338,-0.4342934671660204
2020-04-13,Trousers,22136,4,0,0,0,0,0,-0.4954034734522771,0.09586479059508175,-0.007202016240456597,-0.25410376495928205,-0.20321939951523615,-0.007972976183424173,17.52857142857143,-0.6134453781512619,1.7,-1.9510364145658263,0.13575879502447386
2020-04-20,Trousers,30700,4,0,0,0,0,0,0.32417290013729655,0.2460812376829061,0.17792280867186405,0.05400116067788192,0.12371320796692652,-0.07488420980306475,17.52857142857143,-0.1197759103641458,0.0,-2.4468907563025213,-0.07444112592687221
2020-04-27,Trousers,23952,4,0,0,0,0,0,-0.24694429309286786,-0.3329911320797198,-0.2378517477339802,-0.24910679925413065,-0.14692783594803568,-0.10473563740458205,16.428571428571427,-0.3411204481792713,18.4,0.5345098039215687,0.23659765746232408
2020-05-04,Trousers,22259,5,0,0,0,0,0,-0.07327259426229278,-0.49019872175952245,-0.09299834680552821,-0.24158547854128465,-0.19036197677437544,-0.02576150612289114,15.5,-0.3475070028011208,0.9,-1.863249299719888,0.252882875904783
2020-05-11,Trousers,24629,5,0,0,0,0,0,0.10109195951663712,0.10661819281008478,0.20196691095364724,-0.005375500255594408,-0.07959609530884114,-0.07841638454140717,12.985714285714286,-2.231932773109244,8.0,-0.8209523809523809,0.27008105814927946
2020-05-18,Trousers,29192,5,0,0,0,0,0,0.16956206055026624,-0.05035730814274667,0.19633216603659678,0.139509311999219,0.0693502021190884,0.07233684931474513,14.5,-0.2714845938375355,61.5,6.296190476190476,0.1934059753565657
2020-05-25,Trousers,31669,5,0,0,0,0,0,0.08139859412764844,0.27748511254795444,-0.056818528706288424,0.23505124706490296,0.12697972515358125,0.12173848029258799,14.171428571428573,0.0551260504201686,27.8,1.0065546218487396,0.17074367737924398
2020-06-01,Trousers,30277,6,1,0,0,0,0,-0.04494236770921875,0.30523830115584355,-0.19214807606663456,0.1167453871458461,0.09047481056302518,0.06710374918227983,11.685714285714283,-1.6943417366946771,5.3,-1.95484593837535,0.03968921852738043
2020-06-08,Trousers,24162,6,1,0,0,0,0,-0.22465511031961974,-0.019142873925811158,0.08751997548403924,-0.180015528846248,-0.10545195734671702,-0.057179529672869885,13.94285714285714,0.9328851540616244,33.099999999999994,2.4538375350140056,0.05547656508799404
2020-06-15,Trousers,42519,6,1,0,0,1,0,0.5505916062869002,0.37168634179731586,0.32283969125938106,0.3838865108800597,0.44277833957318347,0.08220668810726545,12.714285714285714,0.0647058823529412,7.9,-0.54593837535014,-0.5686453006646709
2020-06-22,Trousers,39646,6,1,0,0,1,0,-0.0699324512886886,0.22371169533164986,0.4935375171062764,0.2086062105251899,0.32431153975713073,0.13605457714109165,11.142857142857142,-1.073165266106443,2.7,-1.7039775910364146,-0.5072569009563035
2020-06-29,Trousers,30578,6,1,0,0,1,0,-0.25825927721977454,0.009892366777015306,0.31489296080803375,-0.11039873594837751,0.0011084365568626235,0.0478433936571083,12.1,0.0189915966386554,6.7,-1.413389355742297,-0.25698433034047663
2020-07-06,Trousers,24285,7,1,0,0,1,0,-0.2294077892420105,0.005077713580708255,-0.01406550214394643,-0.3398064358629687,-0.2612897935781992,-0.1861517299777645,11.585714285714284,-0.4400560224089643,12.3,0.0291876750700281,-0.087475999793301
2020-07-13,Trousers,21759,7,1,0,0,0,0,-0.10972113153847922,-0.6459441598698105,-0.2917705131687106,-0.4462296327395875,-0.36705439523248046,-0.20626138898884006,12.242857142857144,0.1726610644257708,20.2,1.7710364145658262,0.007189467329617981
2020-07-20,Trousers,25036,7,1,0,0,0,0,0.14005769248604796,-0.4517485404981744,-0.23394761541495052,-0.149012064062545,-0.2003984806105002,-0.07535855219034221,11.385714285714286,-1.013893557422969,79.3,9.83439775910364,-0.020240600080400288
2020-07-27,Trousers,24017,7,1,0,0,0,0,-0.04154689655895066,-0.2403516717519307,-0.23059637416302448,-0.05654289040215691,-0.21434113673981248,0.010402010141139595,12.714285714285714,0.1552941176470597,36.4,3.542633053221288,0.11982829013106386
2020-08-03,Trousers,21791,8,1,0,0,0,0,-0.09718825981539207,-0.10825592029447346,-0.10319238773562606,-0.08705098349944383,-0.2838776252256983,-0.003986911698890655,11.028571428571428,-1.5666666666666669,44.5,4.878431372549019,0.2894932968525728
2020-08-10,Trousers,20941,8,1,0,0,0,0,-0.039782830675707634,-0.03831381553565267,-0.6800504040324487,-0.10023416624497027,-0.3127361963249501,-0.06323908859883057,13.385714285714286,0.5062745098039214,20.0,1.065770308123249,0.27545550113074835
2020-08-17,Trousers,23016,8,1,0,0,0,0,0.09441044227720535,-0.08407558128379333,-0.5307841903934062,0.0030350993245500677,-0.12200998530739693,-0.01716927456495198,12.485714285714286,-0.8611764705882349,1.9,-2.012717086834734,0.16516028080795286
2020-08-24,Trousers,29646,8,1,0,0,0,0,0.2517944532378393,0.20979072322491388,-0.030951114806352455,0.2766415859297012,0.21346691037499488,0.10751199834320808,11.55714285714286,-2.3607843137254902,0.1,-1.917422969187675,-0.16857157915360974
